pitches,player_id,player_name,total_pitches,pitch_percent,ba,iso,babip,slg,woba,xwoba,xba,hits,abs,launch_speed,launch_angle,spin_rate,velocity,effective_speed,whiffs,swings,takes,eff_min_vel,release_extension,pos3_int_start_distance,pos4_int_start_distance,pos5_int_start_distance,pos6_int_start_distance,pos7_int_start_distance,pos8_int_start_distance,pos9_int_start_distance
48,501981,Khris Davis,2514,1.9,1,3,null,4,2.031,1.671,0.861,48,48,105.9,27.3,2269,89.6,89.01,0,48,0,-0.6,5.93,107,152,119,146,306,327,300
43,502110,J.D. Martinez,2519,1.7,1,3,null,4,2.031,1.537,0.792,43,43,105,28.2,2118,88.8,88.46,0,43,0,-0.3,6.05,106,151,118,145,294,324,304
40,608336,Joey Gallo,2348,1.7,1,3,null,4,2.031,1.588,0.806,40,40,107.7,29.4,2164,88.6,88.14,0,40,0,-0.5,5.96,117,169,135,157,301,329,304
39,608070,Jose Ramirez,3002,1.3,1,3,null,4,2.031,1.152,0.62,39,39,101.3,28.8,2192,91.6,91.37,0,39,0,-0.2,6.09,112,149,118,147,291,317,296
39,545361,Mike Trout,2543,1.5,1,3,null,4,2.031,1.543,0.809,39,39,106.5,28,2203,87.8,87.11,0,39,0,-0.7,5.9,109,152,117,145,308,325,299
38,571448,Nolan Arenado,2592,1.5,1,3,null,4,2.031,1.242,0.654,38,38,102.2,29.2,2351,89,89,0,38,0,0,6.05,109,151,116,149,315,335,307
38,596019,Francisco Lindor,2920,1.3,1,3,null,4,2.031,1.362,0.757,38,38,104.4,25.8,2143,89.2,89.03,0,38,0,-0.2,6.08,116,149,113,149,291,315,297
38,519317,Giancarlo Stanton,2942,1.3,1,3,null,4,2.031,1.486,0.809,38,38,108.5,25.3,2241,87,86.38,0,38,0,-0.6,5.9,109,156,123,149,305,330,296
37,592518,Manny Machado,2529,1.5,1,3,null,4,2.031,1.467,0.802,37,37,105.2,24.8,2322,87.8,87.31,0,37,0,-0.5,5.88,110,152,118,147,301,322,298
37,443558,Nelson Cruz,2282,1.6,1,3,null,4,2.031,1.661,0.883,37,37,108,25.5,2165,87.4,86.45,0,37,0,-1,5.73,108,153,120,146,300,321,296
37,596115,Trevor Story,2555,1.4,1,3,null,4,2.031,1.56,0.802,37,37,105.3,28.1,2250,87,86.74,0,37,0,-0.3,5.86,107,152,116,147,312,335,306
36,592885,Christian Yelich,2532,1.4,1,3,null,4,2.031,1.622,0.855,36,36,106.5,26.4,2242,87.5,86.91,0,36,0,-0.6,5.86,114,148,109,150,296,319,298
36,572761,Matt Carpenter,2853,1.3,1,3,null,4,2.031,1.221,0.628,36,36,102,30.8,2232,89.3,89.15,0,36,0,-0.2,6.11,121,163,115,152,300,322,303
35,542583,Jesus Aguilar,2432,1.4,1,3,null,4,2.031,1.455,0.749,35,35,104,29.7,2189,89.7,89.05,0,35,0,-0.6,5.89,108,151,115,146,307,325,298
35,571970,Max Muncy,2066,1.7,1,3,null,4,2.031,1.358,0.691,35,35,103.5,30.7,2122,89.6,89.32,0,35,0,-0.3,6.07,120,156,125,154,296,319,309
34,595879,Javier Baez,2245,1.5,1,3,null,4,2.031,1.593,0.829,34,34,105.6,28,2263,87.8,87.44,0,34,0,-0.4,5.98,107,151,107,147,306,325,301
34,656555,Rhys Hoskins,2920,1.2,1,3,null,4,2.031,1.279,0.677,34,34,104,29.5,2208,91.4,91.34,0,34,0,-0.1,6.23,108,153,117,146,298,322,294
34,553993,Eugenio Suarez,2429,1.4,1,3,null,4,2.031,1.486,0.769,34,34,104.4,28.6,2162,87.9,87.58,0,34,0,-0.3,5.95,104,148,115,143,303,320,292
34,547180,Bryce Harper,2877,1.2,1,3,null,4,2.031,1.652,0.83,34,34,106.8,29.1,2240,90.7,90.1,0,34,0,-0.6,5.98,117,154,124,150,303,325,307
33,502671,Paul Goldschmidt,2905,1.1,1,3,null,4,2.031,1.424,0.719,33,33,104.5,31.1,2235,88.6,88.08,0,33,0,-0.5,5.92,108,152,116,146,308,325,304
32,543768,Travis Shaw,2391,1.3,1,3,null,4,2.031,1.425,0.76,32,32,104.9,27.5,2167,90,89.83,0,32,0,-0.2,6.06,113,156,116,152,301,323,302
32,429665,Edwin Encarnacion,2293,1.4,1,3,null,4,2.031,1.478,0.766,32,32,103.7,28,2270,90.4,90.35,0,32,0,-0.1,6.18,110,152,119,145,296,324,298
32,605141,Mookie Betts,2582,1.2,1,3,null,4,2.031,1.434,0.749,32,32,103.4,28,2230,88.5,88.09,0,32,0,-0.4,6.08,111,153,114,146,293,325,298
31,608324,Alex Bregman,2821,1.1,1,3,null,4,2.031,1.042,0.576,31,31,100.6,28.1,2164,89.3,88.89,0,31,0,-0.4,6.15,107,150,116,145,296,321,291
30,457708,Justin Upton,2527,1.2,1,3,null,4,2.031,1.489,0.786,30,30,104.7,27.8,2333,86,85.41,0,30,0,-0.6,5.92,104,152,118,145,309,325,303
30,543068,C.J. Cron,2172,1.4,1,3,null,4,2.031,1.565,0.806,30,30,106.4,27.8,2195,87.7,87.02,0,30,0,-0.7,5.88,108,153,120,147,299,324,296
30,444482,David Peralta,2272,1.3,1,3,null,4,2.031,1.315,0.707,30,30,103.6,27.3,2298,87.7,87.06,0,30,0,-0.6,5.84,114,148,108,151,296,323,309
29,453568,Charlie Blackmon,2724,1.1,1,3,null,4,2.031,1.303,0.689,29,29,103,28.8,2230,88.4,88.31,0,29,0,-0.1,6.02,115,151,114,153,297,330,307
29,621566,Matt Olson,2844,1,1,3,null,4,2.031,1.613,0.82,29,29,106.2,28.5,2206,87.7,87.1,0,29,0,-0.6,5.91,118,167,131,154,294,324,306
28,519058,Mike Moustakas,2380,1.2,1,3,null,4,2.031,1.349,0.72,28,28,103.4,28.1,2198,86.6,86.19,0,28,0,-0.4,5.96,117,158,126,152,296,321,303
28,624424,Michael Conforto,2654,1.1,1,3,null,4,2.031,1.399,0.732,28,28,103.6,27.5,2194,88.2,87.58,0,28,0,-0.6,5.91,115,150,116,151,295,323,304
27,594953,Daniel Palka,1839,1.5,1,3,null,4,2.031,1.583,0.853,27,27,108.5,26.1,2125,89.4,89.13,0,27,0,-0.3,6.03,112,158,129,148,295,323,302
27,592450,Aaron Judge,2124,1.3,1,3,null,4,2.031,1.528,0.794,27,27,107.8,28.3,2356,89.2,88.43,0,27,0,-0.8,5.81,108,153,120,146,305,326,292
27,544369,Didi Gregorius,2082,1.3,1,3,null,4,2.031,0.945,0.553,27,27,100.1,26.4,2157,88.5,88.23,0,27,0,-0.3,6.16,112,148,111,151,285,314,292
27,543305,Aaron Hicks,2487,1.1,1,3,null,4,2.031,1.185,0.629,27,27,102,29.4,2139,88.6,88.36,0,27,0,-0.2,6.17,110,154,120,148,298,323,295
27,572039,Stephen Piscotty,2167,1.2,1,3,null,4,2.031,1.386,0.708,27,27,103.4,29.7,2308,88.5,88.24,0,27,0,-0.3,6.1,105,150,116,146,299,319,288
27,521692,Salvador Perez,1926,1.4,1,3,null,4,2.031,1.317,0.714,27,27,103.6,28,2219,88.6,88.34,0,27,0,-0.3,6.01,105,151,118,144,300,317,300
27,609280,Miguel Andujar,2135,1.3,1,3,null,4,2.031,1.057,0.574,27,27,101.2,28.8,2240,87.4,86.87,0,27,0,-0.5,5.99,104,153,115,147,297,321,290
26,656941,Kyle Schwarber,2139,1.2,1,3,null,4,2.031,1.546,0.814,26,26,106.7,27.5,2148,88.2,87.62,0,26,0,-0.6,5.92,115,162,121,148,299,320,304
26,571745,Mitch Haniger,2716,1,1,3,null,4,2.031,1.648,0.844,26,26,105,28.3,2262,90,89.01,0,26,0,-1,5.74,105,152,116,146,298,319,292
26,592669,Hunter Renfroe,1715,1.5,1,3,null,4,2.031,1.488,0.78,26,26,106.4,28.3,2164,87.9,87.32,0,26,0,-0.6,5.86,107,149,115,144,301,324,301
26,660670,Ronald Acuna Jr.,1985,1.3,1,3,null,4,2.031,1.603,0.815,26,26,105.9,29.1,2213,89.4,89.23,0,26,0,-0.2,6.07,107,151,111,145,312,323,292
25,594828,Evan Gattis,1714,1.5,1,3,null,4,2.031,1.105,0.579,25,25,101.4,30.8,2254,88.6,88.29,0,25,0,-0.3,6.13,107,150,117,146,294,323,293
25,641355,Cody Bellinger,2644,0.9,1,3,null,4,2.031,1.475,0.753,25,25,104.7,30.3,2275,91,90.81,0,25,0,-0.2,6.12,113,152,118,153,302,324,306
25,545341,Randal Grichuk,1799,1.4,1,3,null,4,2.031,1.473,0.79,25,25,105.3,26.2,2186,89.5,89,0,25,0,-0.5,6.01,109,152,118,146,296,323,294
25,592626,Joc Pederson,1838,1.4,1,3,null,4,2.031,1.25,0.671,25,25,104.1,28.8,2215,90.9,90.53,0,25,0,-0.4,5.91,120,154,116,153,300,320,306
25,519203,Anthony Rizzo,2444,1,1,3,null,4,2.031,1.321,0.706,25,25,103.9,28.6,2111,88.7,88.52,0,25,0,-0.2,6.1,117,166,116,154,298,323,303
25,475253,Justin Smoak,2452,1,1,3,null,4,2.031,1.211,0.625,25,25,102.4,30.8,2261,90.7,90.49,0,25,0,-0.2,6.2,113,161,130,151,293,322,301
24,645277,Ozzie Albies,2386,1,1,3,null,4,2.031,1.057,0.575,24,24,101.3,28.7,2148,88.4,87.81,0,24,0,-0.6,5.96,112,153,98,150,293,319,298
24,518735,Yasmani Grandal,2222,1.1,1,3,null,4,2.031,1.446,0.77,24,24,104,27.5,2135,90.9,90.57,0,24,0,-0.3,6.03,119,158,123,155,300,322,303
24,641820,Trey Mancini,2516,1,1,3,null,4,2.031,1.354,0.723,24,24,103.8,28,2237,89,88.53,0,24,0,-0.5,5.99,109,154,119,148,302,322,287
24,656305,Matt Chapman,2544,0.9,1,3,null,4,2.031,1.281,0.731,24,24,105.4,26.1,2277,87.5,86.98,0,24,0,-0.5,5.95,106,151,116,144,302,324,293
24,467793,Carlos Santana,2801,0.9,1,3,null,4,2.031,1.375,0.734,24,24,103.9,27.8,2156,89.8,89.25,0,24,0,-0.6,6,110,160,127,149,297,320,299
24,592387,Ryon Healy,1917,1.3,1,3,null,4,2.031,1.365,0.725,24,24,103.8,27.3,2145,87.4,86.73,0,24,0,-0.7,5.81,109,151,119,146,297,320,290
24,592696,Eddie Rosario,2100,1.1,1,3,null,4,2.031,0.936,0.483,24,24,100.3,32.2,2352,86.3,85.19,0,24,0,-1.1,5.78,111,149,114,150,294,317,297
24,650402,Gleyber Torres,1951,1.2,1,3,null,4,2.031,1.384,0.714,24,24,103,29.7,2133,90,89.73,0,24,0,-0.3,6.06,108,152,115,146,298,319,287
24,543685,Anthony Rendon,2365,1,1,3,null,4,2.031,1.329,0.702,24,24,103.3,28.4,2284,88.2,87.75,0,24,0,-0.5,5.98,104,148,115,144,302,320,292
23,452678,Asdrubal Cabrera,2232,1,1,3,null,4,2.031,1.093,0.568,23,23,101.7,32,2170,88.5,87.85,0,23,0,-0.6,5.98,108,146,111,148,294,322,302
23,570256,Gregory Polanco,2213,1,1,3,null,4,2.031,1.547,0.804,23,23,104.5,27.5,2115,89,88.92,0,23,0,-0.1,6.18,118,155,121,147,296,317,299
23,475174,Yonder Alonso,2201,1,1,3,null,4,2.031,1.352,0.725,23,23,103.5,27.6,2228,91,90.39,0,23,0,-0.6,5.9,115,166,123,151,287,317,300
23,592206,Nicholas Castellanos,2439,0.9,1,3,null,4,2.031,1.365,0.708,23,23,102.9,28.8,2221,86.5,86.23,0,23,0,-0.3,5.99,103,152,117,146,306,328,293
23,542303,Marcell Ozuna,2322,1,1,3,null,4,2.031,1.615,0.853,23,23,107.6,25.5,2230,87.5,86.85,0,23,0,-0.7,5.85,108,153,117,147,309,327,304
23,476704,Jed Lowrie,2738,0.8,1,3,null,4,2.031,1.16,0.64,23,23,101.4,27.8,2223,88.5,88.05,0,23,0,-0.5,6.07,113,154,115,152,285,317,295
23,593428,Xander Bogaerts,2364,1,1,3,null,4,2.031,1.584,0.81,23,23,104.8,28.3,2297,89.3,88.87,0,23,0,-0.4,5.98,111,149,115,145,286,316,296
23,571697,Scooter Gennett,2443,0.9,1,3,null,4,2.031,0.887,0.471,23,23,99.2,31.1,2263,85.7,84.94,0,23,0,-0.8,5.77,113,149,111,147,291,317,299
23,500871,Eduardo Escobar,2464,0.9,1,3,null,4,2.031,1.344,0.723,23,23,102.9,28,2174,87.1,86.67,0,23,0,-0.4,5.97,112,148,107,149,291,317,296
23,518692,Freddie Freeman,2663,0.9,1,3,null,4,2.031,1.48,0.751,23,23,104,31,2184,89.5,89.37,0,23,0,-0.1,6.13,115,159,123,151,300,324,304
23,624577,Yasiel Puig,1727,1.3,1,3,null,4,2.031,1.394,0.81,23,23,106.5,23.5,2216,85.2,84.8,0,23,0,-0.4,5.9,108,150,113,144,308,320,301
22,572122,Kyle Seager,2489,0.9,1,3,null,4,2.031,1.095,0.563,22,22,101,30.6,2126,89,88.52,0,22,0,-0.5,6.12,113,167,123,152,289,321,300
22,435622,Ian Desmond,2322,0.9,1,3,null,4,2.031,1.455,0.784,22,22,104.2,27.2,2264,88.6,88.39,0,22,0,-0.2,6.02,108,151,113,147,311,323,297
22,547989,Jose Abreu,2108,1,1,3,null,4,2.031,1.61,0.837,22,22,106.4,27.1,2141,89.3,88.95,0,22,0,-0.4,6.07,110,151,116,145,304,322,292
22,665742,Juan Soto,2031,1.1,1,3,null,4,2.031,1.435,0.739,22,22,105.1,29.5,2200,92.9,92.73,0,22,0,-0.2,6.17,110,151,106,152,297,323,301
22,606192,Teoscar Hernandez,2109,1,1,3,null,4,2.031,1.503,0.756,22,22,105.3,30.3,2279,89,88.6,0,22,0,-0.4,6.11,106,151,113,145,295,323,295
22,546318,Odubel Herrera,2319,0.9,1,3,null,4,2.031,1.165,0.675,22,22,103.9,25.3,2135,87.2,86.93,0,22,0,-0.3,6.14,113,146,106,150,286,316,297
22,596748,Maikel Franco,1645,1.3,1,3,null,4,2.031,1.176,0.679,22,22,102.7,24.7,2279,86.7,86.33,0,22,0,-0.4,6.01,111,153,116,147,296,321,294
22,660271,Shohei Ohtani,1455,1.5,1,3,null,4,2.031,1.616,0.813,22,22,106.4,30.1,2206,91.4,90.89,0,22,0,-0.5,5.96,116,148,118,149,298,321,309
22,543807,George Springer,2501,0.9,1,3,null,4,2.031,1.445,0.746,22,22,104,27.7,2345,87.1,86.61,0,22,0,-0.5,5.99,105,147,113,143,300,324,292
21,502054,Tommy Pham,2246,0.9,1,3,null,4,2.031,1.581,0.819,21,21,104.7,27.2,2163,87.1,86.77,0,21,0,-0.3,6.09,110,153,113,148,304,322,298
21,572041,A.J. Pollock,1720,1.2,1,3,null,4,2.031,1.327,0.696,21,21,102.9,28.5,2322,89.4,89.12,0,21,0,-0.3,6.01,112,155,116,148,303,322,299
21,592663,J.T. Realmuto,2042,1,1,3,null,4,2.031,1.569,0.817,21,21,103.7,28.2,2166,90.4,89.85,0,21,0,-0.6,5.9,105,152,114,145,302,319,292
21,434778,Kendrys Morales,1908,1.1,1,3,null,4,2.031,1.471,0.77,21,21,103.8,27.9,2230,88.4,87.43,0,21,0,-1,5.78,117,172,131,152,296,325,308
21,425783,Shin-Soo Choo,2770,0.8,1,3,null,4,2.031,1.479,0.751,21,21,104.8,31,2170,89.8,89.64,0,21,0,-0.2,6.12,116,151,107,154,291,322,302
21,572821,Brian Dozier,2643,0.8,1,3,null,4,2.031,0.764,0.404,21,21,99.3,33.1,2281,91.7,91.48,0,21,0,-0.2,6.1,108,153,109,145,302,323,293
21,570731,Jonathan Schoop,1767,1.2,1,3,null,4,2.031,1.285,0.7,21,21,103.7,27.8,2224,86.4,85.72,0,21,0,-0.7,5.8,107,153,118,146,298,322,290
21,646240,Rafael Devers,1828,1.1,1,3,null,4,2.031,1.37,0.758,21,21,104.7,25.4,2169,86.4,85.69,0,21,0,-0.7,5.9,117,151,122,152,284,322,306
21,571771,Enrique Hernandez,1870,1.1,1,3,null,4,2.031,1.504,0.803,21,21,104.6,26.8,2268,89.6,89.39,0,21,0,-0.2,6.07,112,153,112,147,303,316,299
21,571431,Matt Adams,1258,1.7,1,3,null,4,2.031,1.427,0.733,21,21,103.2,28.8,2327,88.8,87.71,0,21,0,-1.1,5.61,118,158,117,149,301,321,306
21,461314,Matt Kemp,1833,1.1,1,3,null,4,2.031,1.666,0.851,21,21,105.8,28.2,2212,88.6,88.36,0,21,0,-0.2,6.08,108,150,118,144,304,321,299
20,595777,Jurickson Profar,2340,0.9,1,3,null,4,2.031,1.189,0.653,20,20,102.8,27.3,2198,87.4,86.86,0,20,0,-0.5,5.94,112,147,109,147,296,322,300
20,457705,Andrew McCutchen,2889,0.7,1,3,null,4,2.031,1.395,0.725,20,20,103.1,28.9,2222,87.2,86.79,0,20,0,-0.4,5.96,106,151,116,145,301,323,292
20,460075,Ryan Braun,1581,1.3,1,3,null,4,2.031,1.592,0.872,20,20,106.3,24.1,2218,85.7,84.95,0,20,0,-0.8,5.79,104,150,115,146,305,323,298
20,572287,Mike Zunino,1714,1.2,1,3,null,4,2.031,1.57,0.8,20,20,107.5,29.6,2207,87.4,86.78,0,20,0,-0.6,5.9,107,152,117,147,295,321,297
20,571602,Matt Davidson,2118,0.9,1,3,null,4,2.031,1.457,0.794,20,20,105.7,24.5,2209,87.9,87.72,0,20,0,-0.2,6.08,108,151,115,142,304,329,298
20,596146,Max Kepler,2351,0.9,1,3,null,4,2.031,1.23,0.682,20,20,102.6,27,2307,88.7,87.92,0,20,0,-0.8,5.81,114,155,116,151,294,322,299
20,425877,Yadier Molina,1969,1,1,3,null,4,2.031,1.093,0.59,20,20,101,29.8,2207,91.2,90.87,0,20,0,-0.3,6.14,110,152,115,147,301,316,292
20,516782,Starling Marte,2267,0.9,1,3,null,4,2.031,1.449,0.76,20,20,103.8,28.1,2195,89.5,89.15,0,20,0,-0.3,6.04,106,151,106,144,301,319,290
20,641313,Tim Anderson,2200,0.9,1,3,null,4,2.031,1.167,0.61,20,20,101.9,30.4,2238,88.5,88.81,0,20,0,0.3,6.33,107,152,107,146,298,319,288
20,570799,Christian Villanueva,1575,1.3,1,3,null,4,2.031,1.264,0.702,20,20,103.1,26.5,2114,87.5,87.27,0,20,0,-0.2,6.13,104,153,116,146,301,321,300
20,608577,Nomar Mazara,2187,0.9,1,3,null,4,2.031,1.548,0.809,20,20,106.7,27.2,2155,86.4,86.04,0,20,0,-0.4,6.06,117,155,119,150,294,326,308
20,571506,Justin Bour,2077,1,1,3,null,4,2.031,1.557,0.822,20,20,105,26.3,2218,90,89.82,0,20,0,-0.2,6.18,113,164,129,151,301,327,303
19,594777,Kole Calhoun,2148,0.9,1,3,null,4,2.031,1.539,0.795,19,19,104,28.8,2136,88.6,88.45,0,19,0,-0.2,6.17,116,159,121,149,288,322,308
19,622666,Johan Camargo,2085,0.9,1,3,null,4,2.031,1.213,0.66,19,19,102.1,26.4,2144,90,89.67,0,19,0,-0.3,6.05,115,150,109,150,298,322,297
19,405395,Albert Pujols,1807,1.1,1,3,null,4,2.031,1.346,0.744,19,19,103.5,25.8,2152,87.7,87.24,0,19,0,-0.5,5.99,109,156,121,154,307,324,299
19,657557,Paul DeJong,1913,1,1,3,null,4,2.031,1.443,0.753,19,19,103.6,28.2,2200,89.2,88.62,0,19,0,-0.6,5.98,109,150,112,145,302,319,293
19,541645,Avisail Garcia,1414,1.3,1,3,null,4,2.031,1.522,0.78,19,19,105.8,28.6,2272,86.5,85.59,0,19,0,-0.9,5.74,109,152,116,145,301,318,289
19,607208,Trea Turner,2927,0.6,1,3,null,4,2.031,1.209,0.682,19,19,102.5,26.5,2090,90.7,90.6,0,19,0,-0.1,6.09,99,147,97,143,302,318,293
19,600869,Jeimer Candelario,2673,0.7,1,3,null,4,2.031,1.414,0.726,19,19,104.3,28.8,2195,90.8,90.11,0,19,0,-0.7,5.93,111,149,111,148,291,322,296
18,543333,Eric Hosmer,2571,0.7,1,3,null,4,2.031,1.449,0.747,18,18,103.4,28.7,2140,89.1,88.57,0,18,0,-0.5,6.01,115,148,117,149,296,323,308
18,455139,Robinson Chirinos,1797,1,1,3,null,4,2.031,1.139,0.582,18,18,101.9,31.7,2171,87.6,86.93,0,18,0,-0.7,5.94,105,148,114,143,296,324,294
18,596059,Rougned Odor,1980,0.9,1,3,null,4,2.031,1.438,0.776,18,18,105.5,26.9,2184,87.8,87.19,0,18,0,-0.6,5.88,110,150,106,149,294,327,302
18,596142,Gary Sanchez,1531,1.2,1,3,null,4,2.031,1.656,0.844,18,18,108.7,28.7,2200,90.3,89.98,0,18,0,-0.3,6.16,104,149,118,142,297,324,297
18,453943,Todd Frazier,2010,0.9,1,3,null,4,2.031,1.243,0.653,18,18,101.7,28.4,2344,89.3,88.83,0,18,0,-0.5,6.06,105,153,116,145,301,322,298
18,543401,Jason Kipnis,2437,0.7,1,3,null,4,2.031,0.975,0.516,18,18,99.4,29.2,2225,91.1,90.9,0,18,0,-0.2,6.08,117,147,114,147,287,309,295
18,649557,Aledmys Diaz,1475,1.2,1,3,null,4,2.031,1.193,0.678,18,18,102.8,25.4,2253,87.2,86.74,0,18,0,-0.5,5.88,110,152,112,147,294,313,289
17,607043,Brandon Nimmo,2262,0.8,1,3,null,4,2.031,1.277,0.694,17,17,102.9,27.3,2251,88,87.22,0,17,0,-0.8,5.82,118,149,106,152,291,319,302
17,592122,Tyler Austin,1126,1.5,1,3,null,4,2.031,1.604,0.805,17,17,107.5,30.5,2240,87.1,86.62,0,17,0,-0.5,5.88,105,150,120,143,302,323,289
17,621035,Chris Taylor,2475,0.7,1,3,null,4,2.031,1.329,0.703,17,17,102.5,28.6,2387,87.6,87.18,0,17,0,-0.4,5.96,111,151,106,145,306,317,296
17,500208,Yangervis Solarte,1773,1,1,3,null,4,2.031,1.317,0.703,17,17,103.7,27.3,2200,88.6,88.15,0,17,0,-0.4,5.94,112,154,120,148,300,323,297
17,660162,Yoan Moncada,2679,0.6,1,3,null,4,2.031,1.386,0.725,17,17,104.8,27.9,2138,89.5,88.86,0,17,0,-0.6,5.82,116,147,107,149,288,319,296
17,500874,Jose Martinez,2358,0.7,1,3,null,4,2.031,1.489,0.771,17,17,105,28.8,2193,89.9,89.69,0,17,0,-0.2,6.05,104,148,114,144,305,321,298
17,444432,Mark Trumbo,1411,1.2,1,3,null,4,2.031,1.321,0.733,17,17,104.4,25.7,2246,89.9,89.28,0,17,0,-0.6,5.89,108,152,117,146,302,322,296
17,592192,Mark Canha,1735,1,1,3,null,4,2.031,1.447,0.76,17,17,103.6,28.4,2091,88.3,87.67,0,17,0,-0.6,5.91,104,152,115,146,302,318,289
17,608384,Nick Williams,1704,1,1,3,null,4,2.031,1.436,0.752,17,17,104.3,28.6,2118,86.6,86.22,0,17,0,-0.4,5.97,116,147,113,149,290,319,296
17,488726,Michael Brantley,2286,0.7,1,3,null,4,2.031,1.273,0.678,17,17,101.7,27.3,2224,88,88.21,0,17,0,0.2,6.33,118,150,112,149,281,315,298
17,502210,Josh Reddick,1902,0.9,1,3,null,4,2.031,0.99,0.555,17,17,100.1,28.8,2231,85.2,84.18,0,17,0,-1,5.74,117,151,113,152,282,314,295
17,594988,Scott Schebler,1576,1.1,1,3,null,4,2.031,1.519,0.774,17,17,105,28.4,2231,88.3,88.06,0,17,0,-0.2,6.05,114,150,111,147,292,321,301
16,643217,Andrew Benintendi,2581,0.6,1,3,null,4,2.031,1.317,0.691,16,16,102.5,30.1,2265,87,86.46,0,16,0,-0.5,5.99,112,147,115,149,283,316,304
16,543228,Yan Gomes,1718,0.9,1,3,null,4,2.031,1.369,0.708,16,16,103.3,29.9,2345,86.6,86.04,0,16,0,-0.6,6,105,150,116,144,294,315,286
16,608597,Ronald Guzman,1718,0.9,1,3,null,4,2.031,0.981,0.546,16,16,101.7,28.2,2113,87.2,86.48,0,16,0,-0.7,5.84,113,149,113,149,291,325,305
16,471865,Carlos Gonzalez,1885,0.8,1,3,null,4,2.031,1.326,0.729,16,16,104.5,25.3,2041,87.4,87.34,0,16,0,-0.1,6.06,114,156,125,152,306,331,314
16,448801,Chris Davis,2185,0.7,1,3,null,4,2.031,1.647,0.838,16,16,104.9,28.9,2111,90.3,90.04,0,16,0,-0.3,6.09,109,173,136,151,297,331,304
16,592348,Niko Goodrum,1957,0.8,1,3,null,4,2.031,1.167,0.617,16,16,101.7,29.9,2153,89.3,89.16,0,16,0,-0.1,6.14,116,148,116,151,289,321,296
16,605113,Nick Ahmed,2124,0.8,1,3,null,4,2.031,0.935,0.51,16,16,99.3,28.9,2120,87.6,87.18,0,16,0,-0.4,6.01,108,147,110,143,303,319,296
16,621311,David Dahl,992,1.6,1,3,null,4,2.031,1.19,0.624,16,16,101.7,30.4,2268,90.6,90.48,0,16,0,-0.1,5.99,111,147,113,149,302,331,311
16,518618,Derek Dietrich,2163,0.7,1,3,null,4,2.031,1.286,0.696,16,16,103.1,27.3,2221,86,85.53,0,16,0,-0.5,5.93,113,148,110,150,290,319,302
16,503556,Marwin Gonzalez,2216,0.7,1,3,null,4,2.031,1.299,0.674,16,16,102.4,29.4,2151,90,89.81,0,16,0,-0.2,6.14,119,153,118,149,290,319,295
16,519346,Eric Thames,1117,1.4,1,3,null,4,2.031,1.468,0.743,16,16,105.3,31.6,2209,90.2,89.81,0,16,0,-0.4,6.04,119,157,132,150,297,315,303
16,446334,Evan Longoria,1932,0.8,1,3,null,4,2.031,1.459,0.752,16,16,103.6,29.5,2242,88.3,87.94,0,16,0,-0.4,6,106,151,114,143,303,324,293
16,614177,Franmil Reyes,1160,1.4,1,3,null,4,2.031,1.464,0.756,16,16,106.3,29.2,2227,88.1,87.23,0,16,0,-0.9,5.81,110,152,119,147,302,324,302
15,518934,DJ LeMahieu,2191,0.7,1,3,null,4,2.031,1.242,0.69,15,15,102.2,26,2131,88.9,88.59,0,15,0,-0.3,5.97,105,148,110,149,306,322,293
15,594807,Adam Duvall,1648,0.9,1,3,null,4,2.031,1.467,0.741,15,15,104.4,30.5,2325,89.7,89.25,0,15,0,-0.4,5.88,111,147,113,141,298,319,294
15,543760,Marcus Semien,2881,0.5,1,3,null,4,2.031,1.242,0.646,15,15,101.8,30.7,2271,90,89.52,0,15,0,-0.5,6.08,103,151,110,147,296,322,288
15,621043,Carlos Correa,1908,0.8,1,3,null,4,2.031,1.402,0.747,15,15,104.4,26.5,2260,90.1,89.56,0,15,0,-0.5,5.98,107,152,119,147,297,322,292
15,607680,Kevin Pillar,1953,0.8,1,3,null,4,2.031,1.184,0.668,15,15,102.2,26.5,2239,85.8,85.3,0,15,0,-0.5,5.92,105,153,116,147,302,317,289
15,664023,Ian Happ,1917,0.8,1,3,null,4,2.031,1.564,0.813,15,15,104.5,27.6,2125,90.1,89.31,0,15,0,-0.8,5.83,114,149,112,149,296,318,298
15,514917,Cesar Hernandez,3009,0.5,1,3,null,4,2.031,1.027,0.56,15,15,99.8,28,2099,90.2,90.01,0,15,0,-0.2,6.15,114,148,99,151,284,313,295
15,430945,Adam Jones,2167,0.7,1,3,null,4,2.031,1.377,0.773,15,15,103.4,24.9,2196,90,89.17,0,15,0,-0.8,5.92,104,153,111,146,304,323,287
15,572228,Luke Voit,679,2.2,1,3,null,4,2.031,1.562,0.802,15,15,105,27.9,2258,90.2,89.35,0,15,0,-0.9,5.85,104,152,118,145,299,323,291
15,134181,Adrian Beltre,1906,0.8,1,3,null,4,2.031,1.325,0.697,15,15,102,28.1,2332,89.1,88.71,0,15,0,-0.4,6.07,104,151,119,146,300,326,295
15,467092,Wilson Ramos,1481,1,1,3,null,4,2.031,1.424,0.736,15,15,103.3,28.3,2240,89.5,88.69,0,15,0,-0.8,5.87,102,151,119,147,298,323,290
15,519048,Mitch Moreland,1754,0.9,1,3,null,4,2.031,1.704,0.856,15,15,106,28.7,2325,89,88.25,0,15,0,-0.7,5.88,112,158,120,149,285,321,307
15,491676,Gorkys Hernandez,1772,0.8,1,3,null,4,2.031,1.219,0.649,15,15,102,29.3,2252,86.6,86.21,0,15,0,-0.4,5.85,105,146,96,142,306,321,291
15,489149,Logan Morrison,1455,1,1,3,null,4,2.031,1.497,0.764,15,15,105.1,30.2,2107,89.9,89.27,0,15,0,-0.6,5.86,118,169,135,153,291,321,300
14,435079,Ian Kinsler,2086,0.7,1,3,null,4,2.031,1.041,0.568,14,14,100.1,29.6,2274,87.5,86.95,0,14,0,-0.5,6.02,106,150,113,147,302,315,288
14,606299,Jose Peraza,2296,0.6,1,3,null,4,2.031,0.991,0.595,14,14,100.7,25.1,2093,90.2,89.44,0,14,0,-0.8,5.82,106,147,98,142,297,309,276
14,609275,Adalberto Mondesi,1080,1.3,1,3,null,4,2.031,1.593,0.805,14,14,104.5,29.6,2172,89.2,89.2,0,14,0,0,6.15,110,147,110,147,297,321,295
14,455976,Nick Markakis,2798,0.5,1,3,null,4,2.031,1.105,0.612,14,14,101,27.1,2207,89.5,89.04,0,14,0,-0.5,5.96,109,150,116,147,290,315,300
14,621020,Dansby Swanson,2145,0.7,1,3,null,4,2.031,1.258,0.661,14,14,101.4,28.7,2283,90.2,90.2,0,14,0,0,6.12,104,150,109,147,310,320,290
14,457759,Justin Turner,1733,0.8,1,3,null,4,2.031,1.492,0.79,14,14,103,27.5,2102,89.9,89.89,0,14,0,0,6.15,108,152,116,145,304,319,298
14,606466,Ketel Marte,2177,0.6,1,3,null,4,2.031,1.39,0.788,14,14,104.9,24,2238,87.6,87.01,0,14,0,-0.6,5.95,108,151,106,150,297,321,299
14,595978,Austin Hedges,1298,1.1,1,3,null,4,2.031,1.227,0.637,14,14,101.8,30.1,2252,89.7,89.51,0,14,0,-0.2,6.08,108,152,116,147,302,324,296
14,542340,Jonathan Villar,2178,0.6,1,3,null,4,2.031,1.527,0.812,14,14,103.6,27.1,2017,87.6,87.19,0,14,0,-0.4,6.04,109,146,101,147,291,315,296
14,446263,Lucas Duda,1496,0.9,1,3,null,4,2.031,1.531,0.805,14,14,105.9,27.8,2139,88,87.78,0,14,0,-0.2,6.01,110,171,151,153,297,322,304
14,474832,Brandon Belt,1844,0.8,1,3,null,4,2.031,1.353,0.681,14,14,104,32.1,2133,87.8,87.36,0,14,0,-0.4,5.94,119,162,121,154,293,323,301
14,543063,Brandon Crawford,2218,0.6,1,3,null,4,2.031,1.192,0.637,14,14,101.6,28.9,2341,86.6,86.08,0,14,0,-0.5,5.89,108,145,115,150,293,321,305
13,430832,Jose Bautista,1728,0.8,1,3,null,4,2.031,1.233,0.663,13,13,103,29.5,2162,89.3,88.93,0,13,0,-0.4,6,106,152,115,146,302,321,299
13,514888,Jose Altuve,2123,0.6,1,3,null,4,2.031,1.096,0.548,13,13,103.2,33.5,2213,87.6,86.99,0,13,0,-0.6,6.02,104,151,105,146,296,319,284
13,592178,Kris Bryant,1742,0.7,1,3,null,4,2.031,1.53,0.775,13,13,104.4,29.8,2198,87.8,87.01,0,13,0,-0.8,5.83,105,151,114,145,301,321,296
13,572816,Corey Dickerson,1986,0.7,1,3,null,4,2.031,1.435,0.73,13,13,104.3,29.5,2268,86.9,86.33,0,13,0,-0.6,5.92,119,148,115,150,298,315,300
13,520471,Freddy Galvis,2573,0.5,1,3,null,4,2.031,0.871,0.454,13,13,99.9,33.2,2222,88.4,88.2,0,13,0,-0.2,6.13,110,147,106,148,291,318,298
13,593934,Miguel Sano,1263,1,1,3,null,4,2.031,1.553,0.798,13,13,106,29.2,2249,89.3,88.91,0,13,0,-0.4,5.98,106,151,118,145,299,324,293
13,434158,Curtis Granderson,1752,0.7,1,3,null,4,2.031,0.931,0.477,13,13,100.8,33.2,2158,90.7,90.32,0,13,0,-0.4,6.2,119,160,122,149,290,319,298
13,448602,Mark Reynolds,962,1.4,1,3,null,4,2.031,1.359,0.711,13,13,103.3,28.9,2219,87.5,86.73,0,13,0,-0.8,5.78,110,152,117,146,308,323,302
13,598265,Jackie Bradley Jr.,2168,0.6,1,3,null,4,2.031,1.369,0.709,13,13,103.4,29.8,2335,91.4,90.75,0,13,0,-0.6,5.94,111,144,104,147,286,313,301
13,595909,Jake Cave,1246,1,1,3,null,4,2.031,1.702,0.872,13,13,106.3,26.9,2182,92.5,92.28,0,13,0,-0.2,6.21,116,151,115,150,288,319,299
13,475582,Ryan Zimmerman,1292,1,1,3,null,4,2.031,1.594,0.846,13,13,105.5,26.3,2270,89.8,89.92,0,13,0,0.1,6.23,116,155,116,148,306,324,302
13,493329,Yuli Gurriel,1908,0.7,1,3,null,4,2.031,0.702,0.436,13,13,98.3,25.8,2279,85.1,84.62,0,13,0,-0.5,6.1,110,150,114,147,296,320,288
13,518614,Daniel Descalso,1729,0.8,1,3,null,4,2.031,1.117,0.614,13,13,100.5,27.5,2342,92.3,91.78,0,13,0,-0.5,6.08,109,150,114,150,289,315,300
13,640461,Chad Pinder,1204,1.1,1,3,null,4,2.031,1.506,0.804,13,13,104.3,26.9,2199,82.5,82.06,0,13,0,-0.4,5.95,108,153,115,147,302,319,286
13,460086,Alex Gordon,2191,0.6,1,3,null,4,2.031,1.384,0.735,13,13,103.4,28.3,2212,88.3,87.85,0,13,0,-0.5,5.88,117,149,117,142,295,319,298
12,465041,Francisco Cervelli,1656,0.7,1,3,null,4,2.031,1.226,0.676,12,12,102.8,27.3,2271,90.3,90.18,0,12,0,-0.1,6.21,106,148,112,147,307,312,287
12,518586,Charlie Culberson,1172,1,1,3,null,4,2.031,1.035,0.549,12,12,100.5,30.8,2331,88.4,88.14,0,12,0,-0.3,5.97,106,146,105,144,302,317,290
12,656811,Ryan O'Hearn,699,1.7,1,3,null,4,2.031,1.324,0.702,12,12,103,29.1,2194,88.3,88.24,0,12,0,-0.1,6.09,109,147,116,148,290,316,300
12,458015,Joey Votto,2504,0.5,1,3,null,4,2.031,1.044,0.54,12,12,100.6,32.6,2239,86,85.19,0,12,0,-0.8,5.77,109,146,120,148,289,320,299
12,458731,Brett Gardner,2581,0.5,1,3,null,4,2.031,1.117,0.613,12,12,101.5,28.8,2318,91.4,90.86,0,12,0,-0.5,5.89,107,150,95,148,277,315,291
12,516770,Starlin Castro,2417,0.5,1,3,null,4,2.031,1.245,0.669,12,12,102.1,27.7,2160,88.1,87.43,0,12,0,-0.7,5.93,108,152,114,147,301,320,294
12,435559,Kurt Suzuki,1331,0.9,1,3,null,4,2.031,0.88,0.495,12,12,100.5,30.2,2230,88.4,87.97,0,12,0,-0.4,5.94,111,153,117,148,299,317,294
12,542921,Tim Beckham,1547,0.8,1,3,null,4,2.031,1.335,0.754,12,12,103.2,25.8,2151,88.1,87.64,0,12,0,-0.5,6.03,107,152,114,146,300,320,287
12,664056,Harrison Bader,1772,0.7,1,3,null,4,2.031,1.092,0.578,12,12,101.6,31.2,2276,88.7,88.29,0,12,0,-0.4,5.93,106,151,113,146,302,322,300
12,643603,Tyler White,1049,1.1,1,3,null,4,2.031,1.018,0.577,12,12,101.8,29.2,2306,90.5,90.43,0,12,0,-0.1,6.23,106,146,118,143,293,325,290
12,593160,Whit Merrifield,2733,0.4,1,3,null,4,2.031,1.156,0.608,12,12,102.1,31.5,2106,90.6,89.97,0,12,0,-0.6,5.81,106,149,108,146,296,315,284
12,605137,Josh Bell,2366,0.5,1,3,null,4,2.031,1.488,0.783,12,12,105.3,27.4,2195,91.6,90.92,0,12,0,-0.7,5.86,113,150,117,150,296,315,300
12,502517,Daniel Murphy,1275,0.9,1,3,null,4,2.031,1.186,0.631,12,12,101.3,29.1,2161,87.7,87.13,0,12,0,-0.6,5.87,113,151,115,148,294,314,298
11,501896,David Freese,1271,0.9,1,3,null,4,2.031,1.489,0.779,11,11,104.5,27.4,2203,90.8,90.23,0,11,0,-0.6,5.94,104,151,116,147,302,315,289
11,527038,Wilmer Flores,1602,0.7,1,3,null,4,2.031,0.816,0.476,11,11,99.1,28.4,2289,89.6,89.25,0,11,0,-0.3,6.08,114,154,116,146,304,319,292
11,435522,Neil Walker,1585,0.7,1,3,null,4,2.031,1.373,0.704,11,11,102.5,29.4,2175,88.1,87.91,0,11,0,-0.2,6.11,118,156,109,151,287,317,294
11,592743,Andrelton Simmons,1980,0.6,1,3,null,4,2.031,0.912,0.56,11,11,100.3,24.8,2130,85.1,84.47,0,11,0,-0.6,5.9,101,150,108,147,294,315,288
11,455104,Chris Iannetta,1487,0.7,1,3,null,4,2.031,1.512,0.79,11,11,105.4,27.7,2285,91.1,90.74,0,11,0,-0.4,5.86,111,152,114,148,314,329,303
11,592444,JaCoby Jones,1772,0.6,1,3,null,4,2.031,1.351,0.748,11,11,104.6,26,2287,88.8,87.7,0,11,0,-1.1,5.62,112,151,109,146,297,320,288
11,641343,Jake Bauers,1602,0.7,1,3,null,4,2.031,1.324,0.712,11,11,102.6,27.3,2226,88.4,87.75,0,11,0,-0.6,5.95,111,145,116,151,287,323,298
11,547982,Leonys Martin,1369,0.8,1,3,null,4,2.031,1.305,0.688,11,11,103.1,29.3,2159,89.5,89.25,0,11,0,-0.3,6.15,109,148,103,151,285,320,303
11,605119,Brian Anderson,2641,0.4,1,3,null,4,2.031,1.406,0.752,11,11,104.3,28.1,2108,92,91.95,0,11,0,-0.1,6.24,109,149,113,146,302,316,294
11,666971,Lourdes Gurriel Jr.,986,1.1,1,3,null,4,2.031,1.091,0.607,11,11,101.8,28.7,2106,87.1,85.84,0,11,0,-1.3,5.7,108,155,113,148,295,325,293
11,621446,Lewis Brinson,1580,0.7,1,3,null,4,2.031,1.537,0.811,11,11,106.4,27.3,2087,87.8,86.96,0,11,0,-0.8,5.74,109,152,108,147,304,319,293
11,456665,Steve Pearce,1047,1.1,1,3,null,4,2.031,1.563,0.814,11,11,105.2,27.8,2410,88.6,87.76,0,11,0,-0.8,5.84,105,152,115,147,289,323,300
11,500743,Miguel Rojas,1960,0.6,1,3,null,4,2.031,1.034,0.549,11,11,100.1,27.5,2286,92.7,92.64,0,11,0,-0.1,6.27,104,147,110,141,296,315,283
11,592567,Colin Moran,1723,0.6,1,3,null,4,2.031,1.427,0.742,11,11,102.7,28.8,2257,90.8,90.25,0,11,0,-0.6,5.89,124,153,123,151,293,309,299
11,452655,Denard Span,1935,0.6,1,3,null,4,2.031,1.207,0.71,11,11,101.4,25.4,2102,90.4,89.22,0,11,0,-1.2,5.68,118,150,113,152,276,312,295
11,641531,Hunter Dozier,1524,0.7,1,3,null,4,2.031,1.506,0.809,11,11,105.8,26.7,2340,92.5,92.07,0,11,0,-0.4,6,110,152,119,148,299,319,297
11,519023,Devin Mesoraco,1067,1,1,3,null,4,2.031,1.135,0.591,11,11,101.2,29.9,2170,91.6,91.35,0,11,0,-0.3,6.06,106,148,110,142,298,323,297
11,581527,Devon Travis,1394,0.8,1,3,null,4,2.031,1.278,0.682,11,11,102.3,27.6,2190,89.6,88.76,0,11,0,-0.8,5.75,103,145,108,140,299,314,288
11,576397,Jedd Gyorko,1588,0.7,1,3,null,4,2.031,1.336,0.687,11,11,102,29.3,2210,89.7,89.82,0,11,0,0.1,6.35,113,153,114,148,307,323,302
11,571976,Wil Myers,1419,0.8,1,3,null,4,2.031,1.306,0.691,11,11,104.4,27.8,2129,91.4,91.18,0,11,0,-0.2,6.15,110,153,118,148,302,327,302
11,595885,Greg Bird,1293,0.9,1,3,null,4,2.031,1.211,0.641,11,11,103.2,30.3,2312,89.8,89.8,0,11,0,0,6.24,122,167,130,153,294,321,292
10,595751,Jorge Alfaro,1334,0.7,1,3,null,4,2.031,1.784,0.9,10,10,108.1,28.2,2222,85.6,85.14,0,10,0,-0.5,6.02,105,148,113,145,296,319,289
10,429664,Robinson Cano,1256,0.8,1,3,null,4,2.031,1.401,0.772,10,10,104.4,25.9,2243,87.7,86.77,0,10,0,-0.9,5.7,117,146,121,149,283,312,299
10,519222,Austin Romine,997,1,1,3,null,4,2.031,1.117,0.661,10,10,101.7,24.4,2169,93.4,92.96,0,10,0,-0.4,5.97,107,150,115,145,302,318,286
10,542255,Ender Inciarte,2415,0.4,1,3,null,4,2.031,0.636,0.35,10,10,97.6,31.2,2230,89.3,89.06,0,10,0,-0.2,6.14,107,147,92,148,282,311,296
10,553869,Elias Diaz,1098,0.9,1,3,null,4,2.031,1.188,0.696,10,10,102.8,25.1,2240,84.6,83.66,0,10,0,-0.9,5.67,111,149,117,145,304,318,288
10,571466,Tucker Barnhart,1958,0.5,1,3,null,4,2.031,0.823,0.429,10,10,98.9,31.1,2180,88.8,88.91,0,10,0,0.1,6.31,102,155,110,149,286,317,293
10,456488,Eduardo Nunez,1701,0.6,1,3,null,4,2.031,0.842,0.542,10,10,98.6,25.2,2126,89.6,88.98,0,10,0,-0.6,5.97,104,145,110,141,287,314,293
10,545350,Jake Marisnick,890,1.1,1,3,null,4,2.031,1.388,0.726,10,10,103.5,28.7,2090,86.9,86.16,0,10,0,-0.7,5.92,106,150,115,145,300,319,285
10,575929,Willson Contreras,2120,0.5,1,3,null,4,2.031,1.239,0.682,10,10,103,25.8,2244,87.1,86.84,0,10,0,-0.3,6.07,109,151,109,147,293,313,298
10,460026,Nick Hundley,1140,0.9,1,3,null,4,2.031,0.977,0.537,10,10,100.7,29,2213,86.9,86.06,0,10,0,-0.8,5.69,107,154,116,148,301,315,287
10,642715,Willy Adames,1329,0.8,1,3,null,4,2.031,1.547,0.769,10,10,105.7,32,2297,91.4,90.8,0,10,0,-0.6,6.12,109,154,116,150,297,320,289
10,516416,Jean Segura,2209,0.5,1,3,null,4,2.031,1.445,0.75,10,10,103.2,27.7,2172,88.4,87.79,0,10,0,-0.6,5.93,108,150,107,148,294,308,279
10,624428,Adam Frazier,1363,0.7,1,3,null,4,2.031,0.953,0.531,10,10,99.3,28.6,2165,87.3,86.43,0,10,0,-0.9,5.61,119,146,100,146,282,305,292
10,596847,Ji-Man Choi,917,1.1,1,3,null,4,2.031,1.473,0.759,10,10,104.1,29.1,2199,90.8,90.19,0,10,0,-0.6,5.95,115,156,119,152,291,324,301
10,456715,Lorenzo Cain,2452,0.4,1,3,null,4,2.031,1.252,0.697,10,10,103.2,25.6,2161,88.4,87.62,0,10,0,-0.8,5.76,115,152,111,147,303,319,292
10,431145,Russell Martin,1474,0.7,1,3,null,4,2.031,0.972,0.549,10,10,100.2,27.6,2309,90.6,89.87,0,10,0,-0.7,5.86,103,150,116,146,299,317,290
9,624585,Jorge Soler,1039,0.9,1,3,null,4,2.031,1.507,0.783,9,9,105.9,28.8,2150,87.7,87.47,0,9,0,-0.2,6.08,109,150,120,146,302,323,303
9,457803,Jay Bruce,1423,0.6,1,3,null,4,2.031,1.265,0.638,9,9,102.4,31.8,2168,87.5,87.18,0,9,0,-0.3,6.11,119,167,123,145,293,322,303
9,553882,Omar Narvaez,1311,0.7,1,3,null,4,2.031,0.76,0.413,9,9,97.7,30.7,2129,88.6,88.28,0,9,0,-0.3,5.96,115,157,116,147,276,317,294
9,467055,Pablo Sandoval,1056,0.9,1,3,null,4,2.031,1.361,0.698,9,9,103.6,28.9,2262,90.7,90.26,0,9,0,-0.4,5.93,110,148,116,149,292,322,305
9,502143,Danny Valencia,1066,0.8,1,3,null,4,2.031,1.552,0.838,9,9,105.9,25.7,2247,86.1,86.02,0,9,0,-0.1,6.26,107,153,119,146,300,322,290
9,400121,Victor Martinez,1908,0.5,1,3,null,4,2.031,1.379,0.74,9,9,102.8,26.8,2349,89.6,88.93,0,9,0,-0.7,5.96,104,154,133,148,289,319,292
9,543484,Mikie Mahtook,1070,0.8,1,3,null,4,2.031,1.36,0.761,9,9,104.6,26.9,2292,89.7,89.88,0,9,0,0.2,6.23,105,151,111,145,302,317,288
9,621002,Daniel Robertson,1421,0.6,1,3,null,4,2.031,1.376,0.704,9,9,103,30.4,2221,87,85.38,0,9,0,-1.6,5.39,113,154,113,149,300,319,286
9,641933,Tyler O'Neill,566,1.6,1,3,null,4,2.031,1.373,0.689,9,9,105.4,32.2,2132,89.4,89.2,0,9,0,-0.2,6.08,107,153,115,145,308,330,303
9,541650,Hernan Perez,1266,0.7,1,3,null,4,2.031,1.442,0.801,9,9,103.8,24.9,2050,89.4,89.5,0,9,0,0.1,6.27,111,147,110,141,299,315,287
9,571974,John Ryan Murphy,910,1,1,3,null,4,2.031,1.378,0.691,9,9,103.4,31.3,2173,87.9,87.71,0,9,0,-0.2,6.08,106,152,114,146,301,318,295
9,472528,Luis Valbuena,1237,0.7,1,3,null,4,2.031,1.476,0.743,9,9,104.2,30.3,2180,90.9,90.22,0,9,0,-0.7,5.88,120,171,138,148,302,323,303
9,543308,John Hicks,1162,0.8,1,3,null,4,2.031,1.304,0.68,9,9,102,28.4,2201,85,84.43,0,9,0,-0.6,5.91,104,152,116,147,302,324,285
9,642708,Amed Rosario,2130,0.4,1,3,null,4,2.031,1.286,0.713,9,9,102.9,26.4,2266,88.7,88.33,0,9,0,-0.4,6.09,107,152,107,149,297,319,295
9,455117,Martin Maldonado,1520,0.6,1,3,null,4,2.031,1.1,0.557,9,9,101.8,33.1,2239,90.2,90.11,0,9,0,-0.1,6.2,111,152,120,148,293,314,285
9,595375,JT Riddle,1240,0.7,1,3,null,4,2.031,1.106,0.639,9,9,100,27.7,2205,90.3,90.39,0,9,0,0.1,6.31,113,147,108,151,286,313,299
9,460576,Carlos Gomez,1433,0.6,1,3,null,4,2.031,1.439,0.743,9,9,105.4,30.4,2148,86.2,85.36,0,9,0,-0.8,5.73,111,152,111,147,298,322,294
9,608654,Johnny Field,911,1,1,3,null,4,2.031,1.181,0.64,9,9,101.4,28.3,2223,87.5,86.91,0,9,0,-0.6,5.94,103,148,104,145,297,318,288
9,450314,Ben Zobrist,2018,0.4,1,3,null,4,2.031,0.856,0.508,9,9,100.3,29,2226,90.8,90.34,0,9,0,-0.5,5.97,118,150,110,150,291,314,301
9,543939,Kolten Wong,1512,0.6,1,3,null,4,2.031,1.081,0.589,9,9,102,29.9,2184,90.1,89.43,0,9,0,-0.7,5.98,112,150,103,151,289,320,300
9,444489,Manny Pina,1315,0.7,1,3,null,4,2.031,1.389,0.747,9,9,103.6,26.4,2302,92.4,92,0,9,0,-0.4,5.92,110,147,112,142,308,316,289
9,493316,Yoenis Cespedes,592,1.5,1,3,null,4,2.031,1.353,0.713,9,9,106.4,29.6,2265,85.8,85.46,0,9,0,-0.3,6.13,107,154,119,146,301,325,299
8,571437,Aaron Altherr,1155,0.7,1,3,null,4,2.031,1.562,0.795,8,8,104.3,28.6,2267,84.5,84.09,0,8,0,-0.4,6.09,103,149,110,142,295,321,288
8,593700,Alen Hanson,1130,0.7,1,3,null,4,2.031,1.119,0.619,8,8,101.8,28,2213,90.2,89.53,0,8,0,-0.7,5.79,98,147,94,150,293,318,298
8,451594,Dexter Fowler,1375,0.6,1,3,null,4,2.031,0.728,0.426,8,8,97.8,28.8,2158,92.1,92.04,0,8,0,-0.1,6.23,109,147,109,148,304,320,297
8,543510,James McCann,1832,0.4,1,3,null,4,2.031,1.137,0.599,8,8,101.5,29.5,2046,88.9,88.61,0,8,0,-0.3,6,103,152,114,145,304,325,287
8,518792,Jason Heyward,1830,0.4,1,3,null,4,2.031,1.326,0.745,8,8,103.7,25.5,2201,91.7,91.14,0,8,0,-0.6,6.04,102,147,109,149,300,320,299
8,572073,Joey Rickard,900,0.9,1,3,null,4,2.031,1.013,0.562,8,8,100.1,28.4,2212,92.5,92.35,0,8,0,-0.1,6.23,108,153,110,144,292,309,276
8,518626,Josh Donaldson,883,0.9,1,3,null,4,2.031,1.266,0.647,8,8,104.5,31,2140,89,88.23,0,8,0,-0.8,5.85,107,153,119,146,298,316,296
8,543281,Josh Harrison,1375,0.6,1,3,null,4,2.031,0.97,0.525,8,8,99.7,29.9,2059,86.4,86.11,0,8,0,-0.3,5.93,103,151,109,147,302,316,290
8,622534,Manuel Margot,1913,0.4,1,3,null,4,2.031,1.148,0.643,8,8,102.5,26.6,2095,84.9,84.16,0,8,0,-0.7,5.7,106,150,103,146,301,320,295
8,446308,Matt Wieters,1066,0.8,1,3,null,4,2.031,1.163,0.611,8,8,102.1,30.6,2089,92.5,91.79,0,8,0,-0.7,5.84,118,161,122,146,288,324,305
8,545358,Max Stassi,952,0.8,1,3,null,4,2.031,1.437,0.743,8,8,104.2,28.9,2389,91,90.59,0,8,0,-0.4,5.98,103,140,111,136,295,316,287
8,547170,Nicky Delmonico,1248,0.6,1,3,null,4,2.031,1.167,0.685,8,8,102.4,26.1,2233,89.2,88.88,0,8,0,-0.3,5.99,121,149,121,140,285,320,301
8,476883,Pedro Alvarez,537,1.5,1,3,null,4,2.031,1.419,0.732,8,8,108.5,30.6,2315,89.8,89.48,0,8,0,-0.3,6.16,105,157,131,151,292,316,298
8,600524,Renato Nunez,1037,0.8,1,3,null,4,2.031,1.339,0.735,8,8,104.1,27.3,2212,89.1,88.59,0,8,0,-0.5,6.04,104,153,115,144,295,320,287
8,664068,Scott Kingery,1964,0.4,1,3,null,4,2.031,1.133,0.643,8,8,102,26.6,2212,90.2,90.41,0,8,0,0.2,6.3,114,155,109,148,291,309,279
8,452095,Tyler Flowers,1214,0.7,1,3,null,4,2.031,1.417,0.753,8,8,104.9,27.8,2304,89,88.16,0,8,0,-0.8,5.75,110,151,116,148,302,315,288
8,622168,Yairo Munoz,1224,0.7,1,3,null,4,2.031,1.105,0.578,8,8,102.6,30.4,2176,87.6,87.1,0,8,0,-0.5,5.99,107,147,109,141,302,319,292
8,570560,Yolmer Sanchez,2627,0.3,1,3,null,4,2.031,1.369,0.764,8,8,102.7,24.8,2132,91.8,92.03,0,8,0,0.2,6.33,115,148,103,149,281,310,296
7,640447,Phillip Ervin,991,0.7,1,3,null,4,2.031,1.268,0.672,7,7,101.6,28,2228,90.9,90.96,0,7,0,0.1,6.24,106,153,113,148,301,318,290
7,543543,Brad Miller,974,0.7,1,3,null,4,2.031,1.414,0.767,7,7,104.5,26.4,2030,88.7,88.13,0,7,0,-0.6,6.03,113,149,110,149,292,324,303
7,608700,Kevin Plawecki,1068,0.7,1,3,null,4,2.031,1.272,0.683,7,7,102.3,28.6,2324,88.1,88.09,0,7,0,0,6.26,119,153,114,148,295,311,294
7,595281,Kevin Kiermaier,1357,0.5,1,3,null,4,2.031,1.207,0.643,7,7,100.7,27.4,2127,84.7,83.91,0,7,0,-0.8,5.83,107,147,101,148,289,322,295
7,621563,Joey Wendle,1981,0.4,1,3,null,4,2.031,1.563,0.839,7,7,104.6,25.6,2137,89.8,90.1,0,7,0,0.3,6.4,118,150,102,153,282,317,301
7,641598,Mitch Garver,1373,0.5,1,3,null,4,2.031,1.614,0.845,7,7,104.4,27.9,2406,89.6,89,0,7,0,-0.6,5.81,105,147,113,144,298,312,279
7,446386,Brandon Guyer,873,0.8,1,3,null,4,2.031,0.915,0.503,7,7,99.4,30.4,2299,91.3,91.19,0,7,0,-0.1,6.27,109,149,111,146,291,319,286
7,435263,Brian McCann,837,0.8,1,3,null,4,2.031,1.035,0.551,7,7,99.6,29.3,2250,91.5,90.94,0,7,0,-0.6,5.96,111,159,125,152,292,319,294
7,605486,Cory Spangenberg,1294,0.5,1,3,null,4,2.031,1.486,0.752,7,7,103,29.4,2289,89.2,88.69,0,7,0,-0.5,5.9,115,148,99,151,288,312,301
7,608385,Jesse Winker,1256,0.6,1,3,null,4,2.031,1.261,0.653,7,7,101.7,29.7,2291,90,89.3,0,7,0,-0.7,5.71,117,147,120,150,290,310,293
7,459964,Matt Joyce,999,0.7,1,3,null,4,2.031,1.573,0.802,7,7,104.2,29.9,2015,87.2,87.03,0,7,0,-0.2,6.17,110,174,130,155,285,323,302
7,614173,Franchy Cordero,624,1.1,1,3,null,4,2.031,1.881,0.935,7,7,111.4,28,2210,88.4,87.9,0,7,0,-0.5,5.91,121,149,109,150,296,323,305
7,571788,Brock Holt,1473,0.5,1,3,null,4,2.031,1.522,0.781,7,7,103.3,29,2389,92.5,92.5,0,7,0,0,6.23,108,152,103,149,271,313,296
7,527043,Jefry Marte,858,0.8,1,3,null,4,2.031,1.378,0.745,7,7,103.4,27,2277,87.6,87.16,0,7,0,-0.4,5.97,113,152,117,145,302,321,297
7,594694,Wilmer Difo,1816,0.4,1,3,null,4,2.031,1.096,0.583,7,7,99.8,29.3,2376,92.6,92.24,0,7,0,-0.4,6.16,116,149,101,148,292,313,302
7,488671,Alex Avila,995,0.7,1,3,null,4,2.031,1.386,0.692,7,7,104,31.3,2244,90.2,90.41,0,7,0,0.2,6.36,117,165,137,151,297,319,308
6,571875,Jake Lamb,975,0.6,1,3,null,4,2.031,1.067,0.554,6,6,101.7,32.7,2306,88.5,87.33,0,6,0,-1.2,5.53,118,166,125,154,300,323,309
6,571718,Brian Goodwin,785,0.8,1,3,null,4,2.031,1.711,0.875,6,6,104.5,28.7,2286,90.3,90.03,0,6,0,-0.3,6.17,116,143,104,145,293,319,290
6,408045,Joe Mauer,2257,0.3,1,3,null,4,2.031,1.429,0.736,6,6,103.1,29,2156,92,91.78,0,6,0,-0.2,6.1,105,147,112,147,283,314,299
6,641553,Adam Engel,1694,0.4,1,3,null,4,2.031,1.277,0.738,6,6,103.2,24.8,2183,89.9,90.05,0,6,0,0.2,6.3,100,150,101,145,297,320,291
6,605512,Preston Tucker,716,0.8,1,3,null,4,2.031,1.257,0.694,6,6,103.5,27.5,2279,86.3,86.22,0,6,0,-0.1,6.15,114,153,125,154,295,317,302
6,434670,Hanley Ramirez,747,0.8,1,3,null,4,2.031,1.313,0.787,6,6,108.2,21.7,2094,86.3,85.58,0,6,0,-0.7,5.82,102,151,117,145,300,329,299
6,467827,Gerardo Parra,1586,0.4,1,3,null,4,2.031,1.211,0.655,6,6,101.4,28,2005,88.9,88.68,0,6,0,-0.2,6.07,114,148,99,150,296,327,313
6,593871,Jorge Polanco,1403,0.4,1,3,null,4,2.031,1.003,0.601,6,6,101.6,25.3,2234,91.1,90.65,0,6,0,-0.4,6,109,148,114,145,287,314,290
6,516472,Francisco Arcia,379,1.6,1,3,null,4,2.031,1.016,0.598,6,6,99.8,26.3,2091,88.2,88,0,6,0,-0.2,6.15,117,152,107,148,290,315,303
6,456124,Erik Kratz,805,0.7,1,3,null,4,2.031,1.419,0.712,6,6,103.4,31.3,2165,88.5,88.53,0,6,0,0,6.18,118,154,116,148,303,318,295
6,456078,Welington Castillo,743,0.8,1,3,null,4,2.031,1.376,0.699,6,6,103.8,30.8,2317,89.8,89.18,0,6,0,-0.6,5.98,109,153,115,146,310,322,289
6,462101,Elvis Andrus,1627,0.4,1,3,null,4,2.031,1.181,0.643,6,6,102.2,28,2272,90.4,89.6,0,6,0,-0.8,5.93,105,151,113,148,300,324,292
6,501303,Ehire Adrianza,1414,0.4,1,3,null,4,2.031,1.052,0.561,6,6,100.1,29.7,2023,92.2,92.72,0,6,0,0.5,6.43,101,150,107,141,287,311,293
6,588751,Adeiny Hechavarria,1106,0.5,1,3,null,4,2.031,0.75,0.47,6,6,99.3,27.2,2398,89.2,88.2,0,6,0,-1,5.75,113,153,110,148,297,315,278
6,641583,Dustin Fowler,766,0.8,1,3,null,4,2.031,1.502,0.765,6,6,103.1,28.8,2176,90.4,90.15,0,6,0,-0.2,6.05,118,148,102,148,285,313,298
6,602922,Jose Rondon,451,1.3,1,3,null,4,2.031,1.059,0.628,6,6,102.7,25.5,2348,87,86.43,0,6,0,-0.6,5.77,113,152,119,146,299,319,289
6,474568,Jordy Mercer,1677,0.4,1,3,null,4,2.031,1.414,0.743,6,6,103.3,27.8,2124,92,91.75,0,6,0,-0.2,6.05,114,154,119,148,300,318,289
6,640457,Austin Meadows,772,0.8,1,3,null,4,2.031,1.117,0.637,6,6,101.3,25.2,2198,87.5,87.38,0,6,0,-0.1,6.22,116,151,117,149,301,314,300
6,466320,Melky Cabrera,1015,0.6,1,3,null,4,2.031,1.007,0.625,6,6,102.3,25.5,2229,91.6,91.17,0,6,0,-0.4,5.93,117,148,107,146,284,314,298
6,572191,Michael A. Taylor,1514,0.4,1,3,null,4,2.031,1.49,0.768,6,6,103.9,29.5,2204,85.7,84.73,0,6,0,-1,5.57,102,151,99,144,305,322,297
6,623520,David Bote,820,0.7,1,3,null,4,2.031,1.753,0.927,6,6,107.9,24.2,2220,90.3,89.97,0,6,0,-0.3,5.87,100,151,114,146,302,320,291
6,643393,Tony Kemp,1068,0.6,1,3,null,4,2.031,0.427,0.229,6,6,95.7,34,2270,89.9,89.68,0,6,0,-0.2,6.18,103,147,95,150,282,310,290
6,641856,Billy McKinney,522,1.1,1,3,null,4,2.031,1.707,0.854,6,6,105.5,28.3,2218,91.8,91.13,0,6,0,-0.7,5.97,116,152,106,151,287,319,303
6,408236,Adrian Gonzalez,690,0.9,1,3,null,4,2.031,1.616,0.826,6,6,104.6,27.5,2204,88.6,88.2,0,6,0,-0.4,6.03,122,159,129,152,294,314,299
6,621493,Taylor Ward,578,1,1,3,null,4,2.031,1.433,0.769,6,6,102.5,26.8,2222,88.8,87.77,0,6,0,-1,5.6,110,150,116,149,298,315,291
6,455759,Chris Young,547,1.1,1,3,null,4,2.031,1.153,0.633,6,6,101.1,27.7,2125,88.6,88.3,0,6,0,-0.3,6.08,112,152,113,146,289,317,289
6,664040,Brandon Lowe,581,1,1,3,null,4,2.031,1.414,0.738,6,6,102.6,28.7,2336,86.2,85.15,0,6,0,-1,5.65,103,148,98,150,275,311,298
6,607387,Ryan Rua,590,1,1,3,null,4,2.031,1.309,0.748,6,6,103.9,25.7,2270,92.8,92.07,0,6,0,-0.7,5.87,112,151,109,147,299,314,293
5,594809,Adam Eaton,1476,0.3,1,3,null,4,2.031,1.221,0.667,5,5,101.7,26.8,2052,88.6,88.46,0,5,0,-0.1,6.02,122,150,105,148,288,311,296
5,608365,Addison Russell,1840,0.3,1,3,null,4,2.031,0.887,0.492,5,5,99.8,30.2,1880,83.6,83.06,0,5,0,-0.5,5.76,103,149,105,147,301,318,299
5,446481,Sean Rodriguez,744,0.7,1,3,null,4,2.031,1.519,0.769,5,5,104.6,29.8,2078,89.1,89.16,0,5,0,0.1,6.32,106,149,113,144,297,313,293
5,599096,Dilson Herrera,417,1.2,1,3,null,4,2.031,1.456,0.732,5,5,103.4,29.8,2230,91.5,91.2,0,5,0,-0.3,6.02,104,142,110,137,300,313,285
5,570267,Domingo Santana,915,0.5,1,3,null,4,2.031,1.394,0.704,5,5,105.9,31.8,2304,89.6,88.9,0,5,0,-0.7,5.76,113,152,115,150,308,321,297
5,642086,Dominic Smith,574,0.9,1,3,null,4,2.031,1.436,0.73,5,5,102.4,29,2069,90.2,89.88,0,5,0,-0.3,6.06,122,161,113,156,292,322,309
5,593993,Jose Briceno,481,1,1,3,null,4,2.031,1.316,0.678,5,5,102.4,30,2056,87.5,86.36,0,5,0,-1.1,5.64,108,153,117,148,308,324,294
5,628338,Guillermo Heredia,1279,0.4,1,3,null,4,2.031,0.805,0.479,5,5,97.9,26.6,2162,88.7,87.24,0,5,0,-1.5,5.5,109,150,112,146,288,310,280
5,546991,Albert Almora Jr.,1608,0.3,1,3,null,4,2.031,0.843,0.474,5,5,99.6,25,2242,86.9,86.78,0,5,0,-0.1,5.92,104,153,105,147,298,315,295
5,578428,Jose Iglesias,1693,0.3,1,3,null,4,2.031,1.075,0.604,5,5,100.6,27,2337,90.7,90.48,0,5,0,-0.2,6.12,97,146,110,144,295,318,279
5,519306,Steven Souza Jr.,1123,0.4,1,3,null,4,2.031,1.354,0.752,5,5,105,24.8,2327,84.5,83.48,0,5,0,-1,5.76,118,153,118,148,296,319,296
5,500135,Ronny Rodriguez,788,0.6,1,3,null,4,2.031,0.934,0.543,5,5,100.2,27,2316,84.9,84.54,0,5,0,-0.4,6.04,104,143,98,137,296,317,280
5,446359,Zack Cozart,987,0.5,1,3,null,4,2.031,1.215,0.653,5,5,101.6,28.2,2313,88.8,88.62,0,5,0,-0.2,6.1,113,154,113,146,308,324,296
5,620439,Franklin Barreto,302,1.7,1,3,null,4,2.031,1.503,0.749,5,5,106.1,32,2297,88.7,89.32,0,5,0,0.6,6.48,105,147,114,144,294,312,282
5,657656,Ramon Laureano,727,0.7,1,3,null,4,2.031,1.823,0.911,5,5,106.1,27.6,1983,88.1,87.14,0,5,0,-1,5.76,109,151,99,145,291,318,288
5,543257,Robbie Grossman,1908,0.3,1,3,null,4,2.031,1.06,0.563,5,5,99.8,27.4,2378,91,90.42,0,5,0,-0.6,6.02,118,153,114,152,293,318,291
5,506702,Sandy Leon,1160,0.4,1,3,null,4,2.031,1.305,0.718,5,5,103.2,27.6,1913,88.5,87.74,0,5,0,-0.8,5.96,105,156,109,146,281,322,297
5,573135,Tyler Saladino,558,0.9,1,3,null,4,2.031,1.465,0.787,5,5,104.1,26,2256,90,89.46,0,5,0,-0.5,5.9,102,150,112,149,305,317,290
5,457763,Buster Posey,1679,0.3,1,3,null,4,2.031,1.189,0.637,5,5,102.2,30.8,2395,89.1,88.8,0,5,0,-0.3,6.02,102,152,118,145,305,331,287
5,641525,Brandon Dixon,486,1,1,3,null,4,2.031,1.721,0.888,5,5,106.4,26.6,2214,92.8,92.92,0,5,0,0.1,6.32,114,153,113,147,302,312,293
5,517369,Jose Pirela,1818,0.3,1,3,null,4,2.031,1.421,0.817,5,5,105.9,22.2,2014,85.5,85.36,0,5,0,-0.1,6.06,111,151,105,150,300,320,293
5,641857,Ryan McMahon,785,0.6,1,3,null,4,2.031,1.303,0.707,5,5,102.3,25.8,1956,88.3,88.76,0,5,0,0.5,6.26,107,149,110,145,301,340,315
4,598284,Peter O'Brien,318,1.3,1,3,null,4,2.031,1.127,0.62,4,4,105.1,30.3,2120,93.7,94,0,4,0,0.3,6.53,117,154,118,149,304,324,298
4,544725,Leury Garcia,942,0.4,1,3,null,4,2.031,1.329,0.671,4,4,102.3,30,2104,90.8,90.65,0,4,0,-0.1,6.15,106,149,93,150,285,308,294
4,595284,Andrew Knapp,890,0.4,1,3,null,4,2.031,1.378,0.713,4,4,102.5,29.5,2384,93.4,92.73,0,4,0,-0.7,5.95,119,157,130,151,297,312,299
4,518960,Jonathan Lucroy,1760,0.2,1,3,null,4,2.031,1.064,0.609,4,4,100.4,26.8,2001,85.3,85.93,0,4,0,0.6,6.33,111,150,114,147,297,319,284
4,656775,Cedric Mullins,770,0.5,1,3,null,4,2.031,0.98,0.574,4,4,99.9,26.3,2052,91.7,91.68,0,4,0,0,6.25,103,149,86,145,281,303,290
4,607776,Mac Williamson,428,0.9,1,3,null,4,2.031,1.789,0.947,4,4,110.1,22.8,2509,86.3,85.33,0,4,0,-1,5.88,97,150,114,144,305,322,303
4,408314,Jose Reyes,967,0.4,1,3,null,4,2.031,0.803,0.444,4,4,98.2,29,2174,81.8,80.78,0,4,0,-1,5.63,110,147,101,149,290,312,298
4,605244,Aramis Garcia,267,1.5,1,3,null,4,2.031,1.264,0.705,4,4,101.8,26.8,2202,90.1,90.4,0,4,0,0.3,6.33,110,153,118,147,296,316,296
4,605233,Derek Fisher,337,1.2,1,3,null,4,2.031,1.226,0.677,4,4,104.2,25.3,2190,92,92.18,0,4,0,0.2,6.25,106,145,110,150,290,323,301
4,622110,Matt Duffy,2124,0.2,1,3,null,4,2.031,1.075,0.599,4,4,100.4,29.3,1997,90.5,89.28,0,4,0,-1.2,5.78,101,149,107,144,291,311,282
4,605412,Joe Panik,1488,0.3,1,3,null,4,2.031,1.013,0.581,4,4,102.3,29,2462,89.9,89.5,0,4,0,-0.4,6.2,122,149,104,152,288,318,306
4,543829,Dee Gordon,1991,0.2,1,3,null,4,2.031,0.514,0.295,4,4,95.8,29,2044,85.8,85.95,0,4,0,0.2,6.28,96,130,89,132,272,302,289
4,605131,Austin Barnes,1022,0.4,1,3,null,4,2.031,1.144,0.64,4,4,101.2,26.8,2121,84.5,83.85,0,4,0,-0.6,5.88,99,136,105,135,306,320,292
4,621573,Austin Dean,485,0.8,1,3,null,4,2.031,1.297,0.714,4,4,102.4,25.3,2316,88.6,88.23,0,4,0,-0.4,5.98,109,153,117,149,291,311,292
4,608671,Travis Jankowski,1564,0.3,1,3,null,4,2.031,0.879,0.532,4,4,99.2,25.5,2518,86.4,85.4,0,4,0,-1,5.65,108,148,92,149,273,309,304
4,572008,Chris Owings,1119,0.4,1,3,null,4,2.031,1.31,0.747,4,4,102.5,24.8,2355,90.7,90.85,0,4,0,0.2,6.35,114,154,112,148,304,319,292
4,547179,Michael Lorenzen,129,3.1,1,3,null,4,2.031,0.828,0.49,4,4,101.3,30,2162,89.6,89.5,0,4,0,-0.1,6.05,102,144,106,142,301,308,289
4,596129,Daniel Vogelbach,424,0.9,1,3,null,4,2.031,1.364,0.752,4,4,105,25.8,2303,93.7,93.15,0,4,0,-0.5,6.08,106,165,131,151,295,321,300
4,642851,Austin Wynns,444,0.9,1,3,null,4,2.031,1.061,0.578,4,4,102.4,30.8,2288,89.6,88.7,0,4,0,-0.9,5.83,110,151,112,144,297,313,284
4,592200,Curt Casali,561,0.7,1,3,null,4,2.031,0.673,0.342,4,4,97.8,32.5,2221,92.6,91.98,0,4,0,-0.6,6,109,148,118,147,296,316,286
4,571740,Billy Hamilton,2135,0.2,1,3,null,4,2.031,0.74,0.456,4,4,97.5,24.8,2274,85.7,85,0,4,0,-0.7,5.88,97,138,85,138,280,296,272
4,642133,Rowdy Tellez,268,1.5,1,3,null,4,2.031,1.4,0.741,4,4,102.9,27.5,2118,89.9,90.3,0,4,0,0.4,6.48,114,148,121,152,283,324,300
4,593528,Jorge Bonifacio,1115,0.4,1,3,null,4,2.031,0.701,0.386,4,4,98.2,32,2305,90.8,90.23,0,4,0,-0.6,5.85,106,151,115,147,295,323,281
4,457727,Cameron Maybin,1515,0.3,1,3,null,4,2.031,1.578,0.877,4,4,106.6,23.3,2152,89.9,89.18,0,4,0,-0.7,5.88,112,154,116,148,308,322,288
4,643396,Isiah Kiner-Falefa,1499,0.3,1,3,null,4,2.031,0.746,0.495,4,4,98.7,23.8,2555,88.5,87.8,0,4,0,-0.7,6,112,153,117,152,285,314,276
4,425784,Rene Rivera,356,1.1,1,3,null,4,2.031,1.704,0.84,4,4,105.8,29,2277,93.2,92.78,0,4,0,-0.4,6.03,111,152,119,143,306,313,300
4,452254,Hunter Pence,965,0.4,1,3,null,4,2.031,1.404,0.725,4,4,103.5,30,2370,89.1,88.43,0,4,0,-0.7,6.03,106,153,118,148,297,318,288
4,435062,Howie Kendrick,557,0.7,1,3,null,4,2.031,1.589,0.846,4,4,107.1,28,2043,87.9,87.53,0,4,0,-0.4,6.03,109,150,112,147,301,312,284
4,542979,Keon Broxton,355,1.1,1,3,null,4,2.031,1.388,0.758,4,4,103.9,25.5,2180,92,91.65,0,4,0,-0.3,6,95,150,110,145,306,307,283
4,621550,Patrick Wisdom,236,1.7,1,3,null,4,2.031,1.453,0.78,4,4,104.2,24.3,2424,86.7,86.23,0,4,0,-0.5,5.9,116,151,114,146,307,325,299
4,444876,Alcides Escobar,1928,0.2,1,3,null,4,2.031,0.897,0.458,4,4,99.6,32.3,2239,90.1,89.9,0,4,0,-0.2,6.23,105,148,112,145,298,313,287
3,547172,Tony Wolters,808,0.4,1,3,null,4,2.031,1.105,0.587,3,3,100.9,30,2347,89.6,90,0,3,0,0.4,6.4,125,151,117,154,302,319,305
3,594824,Greg Garcia,803,0.4,1,3,null,4,2.031,0.932,0.58,3,3,102.6,25.7,2085,83.9,82.8,0,3,0,-1.1,5.5,126,150,112,147,290,309,292
3,571912,Luke Maile,950,0.3,1,3,null,4,2.031,1.306,0.728,3,3,101.9,25,2325,85.8,84.53,0,3,0,-1.3,5.8,104,150,107,146,297,328,293
3,642336,Francisco Mejia,239,1.3,1,3,null,4,2.031,1.251,0.69,3,3,101.1,27,1881,91.6,90.57,0,3,0,-1,5.93,124,148,105,150,294,303,286
3,408234,Miguel Cabrera,602,0.5,1,3,null,4,2.031,1.41,0.796,3,3,105.5,25,2178,85.5,84.07,0,3,0,-1.4,5.6,113,153,118,149,300,322,301
3,553902,Willians Astudillo,299,1,1,3,null,4,2.031,1.149,0.647,3,3,101.2,25.7,2423,89.9,89.33,0,3,0,-0.6,5.87,114,153,118,149,288,311,278
3,543309,Kyle Higashioka,267,1.1,1,3,null,4,2.031,1.219,0.617,3,3,102.8,32.7,2238,91.6,90.8,0,3,0,-0.8,5.73,116,158,114,152,297,316,286
3,596119,Blake Swihart,799,0.4,1,3,null,4,2.031,1.281,0.698,3,3,101.7,26.3,1972,90.7,90.57,0,3,0,-0.1,6.27,122,149,117,152,277,315,305
3,607345,Kevan Smith,679,0.4,1,3,null,4,2.031,1.672,0.858,3,3,104.2,26.3,2162,84.5,83.93,0,3,0,-0.6,6,106,151,115,150,304,327,290
3,656669,Jordan Luplow,437,0.7,1,3,null,4,2.031,1.577,0.808,3,3,103.7,26.3,2289,93.6,93.93,0,3,0,0.3,6.3,104,154,119,148,295,316,304
3,460077,Drew Butera,724,0.4,1,3,null,4,2.031,0.843,0.611,3,3,96.4,22,2334,88.7,88.8,0,3,0,0.1,6.1,117,154,116,150,295,317,288
3,592685,Drew Robinson,577,0.5,1,3,null,4,2.031,1.612,0.819,3,3,104.4,30.3,2048,84.2,82.97,0,3,0,-1.2,5.63,120,146,131,152,299,318,302
3,501659,Abraham Almonte,608,0.5,1,3,null,4,2.031,1.503,0.771,3,3,105.3,26,2053,90.8,90.5,0,3,0,-0.3,6.1,115,143,106,145,296,318,290
3,621466,DJ Stewart,190,1.6,1,3,null,4,2.031,0.999,0.544,3,3,100.5,30.7,2386,82.2,81.63,0,3,0,-0.6,6.07,110,161,117,146,283,318,292
3,641487,J.P. Crawford,604,0.5,1,3,null,4,2.031,1.413,0.707,3,3,103,31.3,2332,92.9,92.4,0,3,0,-0.5,6.03,126,153,111,151,277,308,293
3,607257,Raffy Lopez,485,0.6,1,3,null,4,2.031,1.446,0.753,3,3,103.7,29,2307,91.1,91,0,3,0,-0.1,6.25,123,164,110,154,285,312,300
3,543877,Christian Vazquez,1014,0.3,1,3,null,4,2.031,0.73,0.404,3,3,97.8,29.3,2443,93.3,92.9,0,3,0,-0.4,6.07,115,152,119,153,287,301,286
3,645302,Victor Robles,233,1.3,1,3,null,4,2.031,1.193,0.646,3,3,100.9,27.7,2093,89.2,89.23,0,3,0,0,6.3,116,152,105,147,297,317,289
3,451192,Jim Adduci,681,0.4,1,3,null,4,2.031,0.936,0.511,3,3,99.5,30.3,2393,88.7,87.6,0,3,0,-1.1,5.7,124,150,111,151,282,316,295
3,643446,Jeff McNeil,838,0.4,1,3,null,4,2.031,1.167,0.586,3,3,103.9,35.3,2169,81.2,80.97,0,3,0,-0.2,6.03,124,149,100,153,283,309,296
3,606115,Orlando Arcia,1312,0.2,1,3,null,4,2.031,1.087,0.577,3,3,100,30,2257,92.2,91.17,0,3,0,-1,5.83,118,154,113,150,306,314,286
3,591741,Jose Osuna,411,0.7,1,3,null,4,2.031,1.631,0.884,3,3,105.5,24.7,2106,90.8,90.23,0,3,0,-0.6,5.97,112,134,110,134,301,306,292
3,607054,Jace Peterson,1098,0.3,1,3,null,4,2.031,1.729,0.894,3,3,105.2,25.3,2167,91.4,91.07,0,3,0,-0.3,6.1,104,148,94,148,284,312,299
3,488818,Chase d'Arnaud,395,0.8,1,3,null,4,2.031,1.165,0.63,3,3,99.9,27.3,2097,85.5,85.07,0,3,0,-0.4,6.07,103,147,104,147,303,318,281
3,596144,Cheslor Cuthbert,475,0.6,1,3,null,4,2.031,0.925,0.528,3,3,101.2,29.3,2145,93.3,92.83,0,3,0,-0.5,5.93,106,152,123,148,284,321,296
3,457706,Austin Jackson,1599,0.2,1,3,null,4,2.031,1.45,0.749,3,3,102.5,29.3,1762,81.9,81.77,0,3,0,-0.1,6,113,152,111,148,291,308,294
3,572233,Christian Walker,224,1.3,1,3,null,4,2.031,1.967,0.975,3,3,110.6,27,2397,90.2,90.03,0,3,0,-0.2,6.07,114,152,112,149,303,317,296
3,571980,Tyler Naquin,671,0.4,1,3,null,4,2.031,1.584,0.854,3,3,105,25.3,1818,87.9,86.93,0,3,0,-1,5.8,93,137,106,142,290,313,301
3,621559,Max Moroff,273,1.1,1,3,null,4,2.031,1.403,0.766,3,3,102.5,26,2283,91.5,91.5,0,3,0,0,6.4,105,149,115,142,297,316,290
3,572204,Trayce Thompson,603,0.5,1,3,null,4,2.031,1.77,0.885,3,3,107.1,29.7,2111,90.8,90.9,0,3,0,0.1,6.2,113,152,117,144,297,320,291
3,543194,Isaac Galloway,281,1.1,1,3,null,4,2.031,1.217,0.623,3,3,101.6,31.7,2011,78.7,78.37,0,3,0,-0.3,6.03,114,152,108,146,290,319,297
3,543376,Caleb Joseph,1088,0.3,1,3,null,4,2.031,0.706,0.376,3,3,97.7,31.7,2263,84,83.23,0,3,0,-0.8,5.97,117,155,118,146,296,316,282
3,622569,Pablo Reyes,229,1.3,1,3,null,4,2.031,0.962,0.564,3,3,100.1,25.7,2050,87,86.5,0,3,0,-0.5,6,111,146,97,147,302,307,288
3,445055,Jon Jay,2256,0.1,1,3,null,4,2.031,1.024,0.547,3,3,99.2,30,2648,84.6,84.3,0,3,0,-0.3,5.87,121,151,104,152,282,316,310
3,643376,Danny Jansen,355,0.8,1,3,null,4,2.031,1.324,0.686,3,3,102.6,31.3,2292,89,87.63,0,3,0,-1.4,5.53,106,154,116,144,283,314,289
2,605548,Bradley Zimmer,410,0.5,1,3,null,4,2.031,1.516,0.803,2,2,106.7,29.5,2417,84.3,83.3,0,2,0,-1,5.65,102,148,100,146,278,315,288
2,628336,Jose Miguel Fernandez,445,0.4,1,3,null,4,2.031,1.185,0.646,2,2,101.1,26.5,1980,87.6,87.1,0,2,0,-0.5,6.15,105,151,117,151,300,319,299
2,572033,Josh Phegley,388,0.5,1,3,null,4,2.031,1.149,0.613,2,2,100.9,26.5,2338,85.3,84.85,0,2,0,-0.4,6.05,118,154,117,150,292,312,287
2,502481,Jarrod Dyson,868,0.2,1,3,null,4,2.031,1.432,0.753,2,2,102.3,27.5,2106,92.6,93.4,0,2,0,0.8,6.75,98,138,88,140,279,315,293
2,453923,Gregor Blanco,816,0.2,1,3,null,4,2.031,0.876,0.465,2,2,99,29.5,2307,92.1,91.3,0,2,0,-0.8,6.05,115,151,102,153,290,306,295
2,656185,Greg Allen,1127,0.2,1,3,null,4,2.031,1.115,0.644,2,2,100.5,26,2019,86.5,86.15,0,2,0,-0.3,6,89,139,82,151,270,311,298
2,572669,Lane Adams,107,1.9,1,3,null,4,2.031,1.802,0.908,2,2,104.8,27.5,1776,84,82.9,0,2,0,-1.1,5.65,114,154,113,150,299,328,287
2,506747,Francisco Pena,527,0.4,1,3,null,4,2.031,1.691,0.906,2,2,106.7,26,2429,87.9,86.75,0,2,0,-1.1,5.45,112,155,121,148,298,322,299
2,523253,Logan Forsythe,1700,0.1,1,3,null,4,2.031,1.017,0.572,2,2,99.5,27.5,2232,91.5,90.65,0,2,0,-0.8,5.7,110,152,110,150,310,322,294
2,649966,Luis Urias,205,1,1,3,null,4,2.031,1.039,0.544,2,2,99.9,29,2323,93.5,92.55,0,2,0,-0.9,5.85,99,145,114,141,293,309,290
2,605480,Mallex Smith,2061,0.1,1,3,null,4,2.031,0.934,0.519,2,2,98.9,28,2344,88.4,87.3,0,2,0,-1.1,5.65,99,146,84,147,262,315,297
2,596105,Dwight Smith Jr.,305,0.7,1,3,null,4,2.031,0.81,0.528,2,2,103.9,24.5,2431,86.6,85.55,0,2,0,-1,5.65,123,150,100,146,278,325,312
2,592863,Mason Williams,473,0.4,1,3,null,4,2.031,1.498,0.788,2,2,102.2,26,2393,91.1,91.85,0,2,0,0.8,6.6,109,124,102,130,286,309,298
2,592261,Delino DeShields,1574,0.1,1,3,null,4,2.031,0.793,0.42,2,2,96.9,32,2246,90.7,90.75,0,2,0,0.1,6.25,108,148,100,146,288,302,278
2,407812,Matt Holliday,273,0.7,1,3,null,4,2.031,0.947,0.539,2,2,99,27,2610,83,83.55,0,2,0,0.6,6.25,122,154,113,151,313,342,310
2,608369,Corey Seager,432,0.5,1,3,null,4,2.031,1.963,0.986,2,2,108.4,25,2196,87,86.65,0,2,0,-0.3,6.05,124,150,111,154,290,313,303
2,571945,Miles Mikolas,221,0.9,1,3,null,4,2.031,1.725,0.882,2,2,104.8,26.5,2069,89,89.05,0,2,0,0.1,6.05,104,150,119,149,303,304,277
2,621514,Christin Stewart,313,0.6,1,3,null,4,2.031,0.665,0.328,2,2,97.9,33,1801,84.5,84.4,0,2,0,-0.1,6.2,87,139,97,144,296,328,305
2,543302,Chris Herrmann,355,0.6,1,3,null,4,2.031,1.815,0.915,2,2,106.4,28,2513,95.7,95.15,0,2,0,-0.5,6.15,102,148,113,150,288,320,305
2,460269,Chris Gimenez,276,0.7,1,3,null,4,2.031,1.548,0.84,2,2,104.3,24.5,2088,95.3,94.05,0,2,0,-1.2,5.65,113,154,119,149,294,324,286
2,571595,Noel Cuevas,512,0.4,1,3,null,4,2.031,1.149,0.704,2,2,103.4,21,2057,87.8,88.05,0,2,0,0.3,6.35,101,146,99,142,300,315,294
2,642082,Chance Sisco,728,0.3,1,3,null,4,2.031,1.592,0.825,2,2,103.3,28,2147,91.7,90.4,0,2,0,-1.3,5.6,131,165,123,150,276,317,296
2,642162,Pat Valaika,477,0.4,1,3,null,4,2.031,1.176,0.582,2,2,101.9,33.5,2337,83.9,83.45,0,2,0,-0.4,5.75,115,155,119,150,306,327,301
2,465753,Pedro Florimon,345,0.6,1,3,null,4,2.031,1.152,0.569,2,2,100.6,32,2330,82.7,81.9,0,2,0,-0.8,5.75,101,141,102,149,292,313,304
2,600474,Pedro Severino,827,0.2,1,3,null,4,2.031,1.893,0.954,2,2,106.5,25.5,2343,91.3,91.55,0,2,0,0.3,6.3,112,149,116,149,301,311,286
2,641319,Carlos Asuaje,841,0.2,1,3,null,4,2.031,1.004,0.593,2,2,100,27,1995,83.4,83.5,0,2,0,0.1,5.95,104,147,90,148,288,330,305
2,624512,Reese McGuire,123,1.6,1,3,null,4,2.031,0.729,0.455,2,2,98.5,26,2494,83.3,82.05,0,2,0,-1.2,5.6,125,147,127,153,278,313,292
2,547379,Roberto Perez,866,0.2,1,3,null,4,2.031,1.491,0.885,2,2,108.4,20.5,2248,92.3,92.95,0,2,0,0.7,6.8,112,154,111,145,301,316,290
2,608701,Rob Refsnyder,429,0.5,1,3,null,4,2.031,1.759,0.882,2,2,106.2,31,2154,89.1,88.6,0,2,0,-0.5,6,113,146,116,147,289,312,286
2,596451,Roman Quinn,560,0.4,1,3,null,4,2.031,0.99,0.64,2,2,102.2,23.5,1997,86.9,86.6,0,2,0,-0.3,6,105,139,95,147,298,310,276
2,475247,Ryan Flaherty,692,0.3,1,3,null,4,2.031,1.782,0.929,2,2,106.1,24.5,2009,90.7,90.5,0,2,0,-0.2,6.1,116,144,108,148,299,313,295
2,534606,Ryan LaMarre,744,0.3,1,3,null,4,2.031,1.206,0.718,2,2,103.1,23,2243,91.5,91.4,0,2,0,-0.1,6.3,114,153,105,147,302,322,278
2,621433,Brett Phillips,584,0.3,1,3,null,4,2.031,0.928,0.459,2,2,101.9,34,1948,81,81,0,2,0,0,6,102,139,101,147,296,317,301
2,624507,Ryder Jones,32,6.3,1,3,null,4,2.031,1.649,0.924,2,2,111.9,22,1784,88.1,88.3,0,2,0,0.2,6.15,108,157,124,152,290,312,299
2,571851,Spencer Kieboom,529,0.4,1,3,null,4,2.031,0.964,0.534,2,2,99.1,28.5,2011,92.6,92.75,0,2,0,0.2,6.45,115,160,114,149,303,332,301
2,621453,Steven Duggar,640,0.3,1,3,null,4,2.031,0.909,0.516,2,2,100.8,29,2447,84.5,84.4,0,2,0,-0.1,6.25,105,147,124,156,291,336,314
2,571927,Steven Matz,221,0.9,1,3,null,4,2.031,0.992,0.545,2,2,98.8,26.5,2411,86.8,86.4,0,2,0,-0.4,6.3,101,146,102,151,282,302,268
2,435064,Bobby Wilson,606,0.3,1,3,null,4,2.031,1.08,0.607,2,2,100,25.5,2440,88.2,87.7,0,2,0,-0.5,5.8,100,128,102,123,298,306,274
2,608596,Tom Murphy,358,0.6,1,3,null,4,2.031,1.93,0.979,2,2,108.7,24.5,1654,89.5,89.15,0,2,0,-0.3,5.8,110,151,116,148,307,326,301
2,605170,Victor Caratini,794,0.3,1,3,null,4,2.031,1.572,0.861,2,2,103.8,24.5,2105,93.1,93.3,0,2,0,0.2,6.45,119,164,110,154,287,318,313
2,641432,Willie Calhoun,376,0.5,1,3,null,4,2.031,1.704,0.9,2,2,104.9,25,2287,94.2,93.2,0,2,0,-1,5.85,127,151,118,151,299,325,302
2,607231,John Gant,132,1.5,1,3,null,4,2.031,1.229,0.724,2,2,101.7,24.5,2294,91.1,91.1,0,2,0,0,6.3,105,149,117,151,295,307,275
1,595453,Chad Wallach,208,0.5,1,3,null,4,2.031,1.592,0.816,1,1,105.3,33,2649,90.1,89,0,1,0,-1.1,5.5,110,150,115,149,292,301,290
1,641477,Ryan Cordell,150,0.7,1,3,null,4,2.031,1.931,0.958,1,1,107,28,2367,97.5,96.9,0,1,0,-0.6,5.8,116,155,116,147,293,312,276
1,491696,Jesus Sucre,673,0.1,1,3,null,4,2.031,0.756,0.487,1,1,98.4,25,1859,79.2,79.5,0,1,0,0.3,6.5,113,155,123,146,294,305,262
1,545121,Ildemaro Vargas,58,1.7,1,3,null,4,2.031,1.34,0.763,1,1,101.7,25,2237,92.5,92.2,0,1,0,-0.3,6.5,131,149,113,149,272,297,296
1,400284,Chase Utley,800,0.1,1,3,null,4,2.031,0.333,0.171,1,1,100.2,39,2111,85,83.8,0,1,0,-1.2,5.3,124,148,127,153,294,313,289
1,527054,Julio Teheran,190,0.5,1,3,null,4,2.031,0.602,0.44,1,1,99.2,22,2084,90,91.1,0,1,0,1.1,6.8,121,152,107,149,289,309,276
1,545337,Nolan Fontana,47,2.1,1,3,null,4,2.031,0.909,0.566,1,1,99.4,25,2353,92.1,92.9,0,1,0,0.8,6.3,119,146,111,153,298,319,293
1,572114,Ryan Schimpf,35,2.9,1,3,null,4,2.031,1.024,0.524,1,1,99.2,30,2533,80.4,78.4,0,1,0,-2,5.3,122,149,123,153,304,324,313
1,608718,Brent Suter,106,0.9,1,3,null,4,2.031,1.414,0.724,1,1,102.2,29,2113,88.8,88,0,1,0,-0.8,6.1,107,147,95,145,276,301,289
1,453562,Jake Arrieta,206,0.5,1,3,null,4,2.031,0.813,0.421,1,1,100.8,35,2063,90.6,91.1,0,1,0,0.5,6.3,111,151,115,148,297,322,283
1,605540,Brandon Woodruff,30,3.3,1,3,null,4,2.031,1.482,0.753,1,1,102.4,28,2286,91.5,90,0,1,0,-1.5,5.2,122,152,114,151,278,330,306
1,408252,Brandon Phillips,112,0.9,1,3,null,4,2.031,1.977,0.979,1,1,108.5,30,2187,95.2,95.2,0,1,0,0,6.1,85,152,109,149,307,322,288
1,607752,Sam Travis,158,0.6,1,3,null,4,2.031,0.525,0.258,1,1,97.1,33,2027,83.8,83.6,0,1,0,-0.2,5.7,110,153,109,149,275,314,298
1,446192,Adam Moore,69,1.4,1,3,null,4,2.031,1.844,0.926,1,1,105.1,27,2090,82,80.5,0,1,0,-1.5,5.1,114,154,113,155,294,316,298
1,605361,Nick Martini,747,0.1,1,3,null,4,2.031,0.063,0.042,1,1,95.6,40,1617,58.6,56.5,0,1,0,-2.1,4.2,123,149,112,152,289,309,291
1,622046,Chris Shaw,224,0.4,1,3,null,4,2.031,1.982,0.979,1,1,108.3,26,2268,85.8,85.4,0,1,0,-0.4,5.4,130,151,125,153,308,340,316
1,624419,Nick Ciuffo,177,0.6,1,3,null,4,2.031,0.255,0.15,1,1,93.1,30,2412,90.7,89.4,0,1,0,-1.3,5.8,123,158,107,153,275,312,291
1,624414,Christian Arroyo,228,0.4,1,3,null,4,2.031,0.813,0.421,1,1,101.3,35,2459,87,86.1,0,1,0,-0.9,6,118,160,118,150,305,330,296
1,453203,Shane Robinson,202,0.5,1,3,null,4,2.031,1.149,0.629,1,1,99.5,29,2141,92.5,91.8,0,1,0,-0.7,5.9,124,157,110,142,294,300,275
1,592273,Brandon Drury,336,0.3,1,3,null,4,2.031,1.076,0.65,1,1,101.4,24,2770,86.5,85.2,0,1,0,-1.3,5.5,87,150,119,149,312,331,298
1,644337,Nate Orf,112,0.9,1,3,null,4,2.031,0.18,0.121,1,1,92.3,30,2407,80.6,79.9,0,1,0,-0.7,5.9,112,152,118,148,297,315,289
1,593647,Socrates Brito,175,0.6,1,3,null,4,2.031,0.859,0.595,1,1,100,24,1696,85.6,85.4,0,1,0,-0.2,5.9,119,149,110,156,274,322,317
1,518542,Juan Centeno,144,0.7,1,3,null,4,2.031,0.752,0.471,1,1,97.7,26,2262,92.6,93,0,1,0,0.4,6.3,118,147,114,152,275,316,292
1,488681,Brandon Barnes,90,1.1,1,3,null,4,2.031,0.353,0.16,1,1,99.2,38,2206,88.3,88.5,0,1,0,0.2,6.5,117,152,117,143,300,322,302
1,664702,Myles Straw,40,2.5,1,3,null,4,2.031,0.746,0.413,1,1,98,29,2344,93.8,94.2,0,1,0,0.4,6.6,111,150,106,144,310,315,275
1,542908,Jett Bandy,288,0.3,1,3,null,4,2.031,0.868,0.4,1,1,99,31,1921,91.7,91.1,0,1,0,-0.6,6,119,153,116,151,301,319,290
1,488771,Jason Castro,331,0.3,1,3,null,4,2.031,1.566,0.89,1,1,106,22,1871,88.6,86.4,0,1,0,-2.2,5.2,117,183,150,110,289,315,292
1,452657,Jon Lester,247,0.4,1,3,null,4,2.031,1.342,0.81,1,1,102.8,23,2272,95.5,96.4,0,1,0,0.9,6.3,125,137,102,141,289,315,298
1,605520,Mitch Walding,87,1.1,1,3,null,4,2.031,1.448,0.724,1,1,103.9,33,null,61,59.2,0,1,0,-1.8,5.2,126,148,110,153,297,320,292
1,650490,Yandy Diaz,470,0.2,1,3,null,4,2.031,1.149,0.629,1,1,99.8,29,null,81.5,80,0,1,0,-1.5,5.2,119,156,123,146,296,311,290
1,600301,Taylor Motter,150,0.7,1,3,null,4,2.031,1.865,0.95,1,1,105.5,26,1918,89.3,89.3,0,1,0,0,6.5,111,152,119,149,304,309,288
1,453385,Clayton Richard,168,0.6,1,3,null,4,2.031,1.416,0.732,1,1,104.7,34,2052,95.8,97.1,0,1,0,1.3,6.7,124,152,113,145,285,314,304
1,458675,Colby Rasmus,198,0.5,1,3,null,4,2.031,1.055,0.526,1,1,101.3,33,2507,94.7,93.4,0,1,0,-1.3,5.8,123,147,110,154,301,304,298
1,430935,Cole Hamels,99,1,1,3,null,4,2.031,1.775,0.926,1,1,105,25,2236,94.7,94.9,0,1,0,0.2,6.1,121,148,109,151,273,300,287
1,502226,Craig Gentry,649,0.2,1,3,null,4,2.031,1.27,0.695,1,1,101.1,27,2188,87.3,87.5,0,1,0,0.2,6.3,96,139,89,140,295,312,267
1,543148,Tim Federowicz,195,0.5,1,3,null,4,2.031,1.58,0.826,1,1,102.8,29,2092,92.4,92.9,0,1,0,0.5,6.4,113,151,115,146,290,319,292
1,592325,Ben Gamel,1193,0.1,1,3,null,4,2.031,1.231,0.81,1,1,105,21,2629,84.3,83,0,1,0,-1.3,5.6,122,145,114,145,268,298,297
1,621512,Tomas Nido,318,0.3,1,3,null,4,2.031,1.111,0.703,1,1,101.9,23,1800,87.4,87.5,0,1,0,0.1,6.4,111,156,114,150,293,318,291
1,605204,J.D. Davis,424,0.2,1,3,null,4,2.031,0.948,0.476,1,1,106.9,40,2563,94.4,93.4,0,1,0,-1,5.9,112,147,111,140,302,314,282
1,600303,Tommy La Stella,725,0.1,1,3,null,4,2.031,1.414,0.703,1,1,102.1,30,2215,94.8,94.3,0,1,0,-0.5,6,85,139,100,153,279,315,297
1,593495,Daniel Castro,180,0.6,1,3,null,4,2.031,0.449,0.3,1,1,96.5,26,2043,75.9,74.5,0,1,0,-1.4,5.5,94,148,103,148,311,315,293
1,488810,Tony Cruz,92,1.1,1,3,null,4,2.031,1.898,0.94,1,1,105.8,28,2278,92.3,92.5,0,1,0,0.2,6.1,116,151,119,139,319,326,293
1,605421,Michael Perez,299,0.3,1,3,null,4,2.031,0.665,0.518,1,1,99.7,21,2633,77.5,75.9,0,1,0,-1.6,4.9,120,150,112,141,268,288,287
1,641684,Michael Hermosillo,252,0.4,1,3,null,4,2.031,1.99,0.987,1,1,108.8,25,2364,88.1,87.3,0,1,0,-0.8,5.6,111,156,101,150,302,315,303
1,518595,Travis d'Arnaud,57,1.8,1,3,null,4,2.031,1.407,0.884,1,1,107.9,20,2061,92.8,93.2,0,1,0,0.4,6.7,119,154,112,149,295,311,287
1,489267,Adam Rosales,64,1.6,1,3,null,4,2.031,1.215,0.732,1,1,101.6,24,2304,88.2,87,0,1,0,-1.2,5.4,109,149,112,149,295,318,272
1,596103,Austin Slater,923,0.1,1,3,null,4,2.031,1.775,0.926,1,1,105,25,2330,95.4,94,0,1,0,-1.4,6,119,154,109,146,294,312,293
1,664058,David Fletcher,1175,0.1,1,3,null,4,2.031,0.911,0.524,1,1,98.9,26,1923,91.2,90.3,0,1,0,-0.9,5.8,101,156,99,148,293,313,304
1,571679,David Freitas,411,0.2,1,3,null,4,2.031,1.055,0.526,1,1,101.3,33,2184,92,90.1,0,1,0,-1.9,5.5,113,157,111,148,299,319,301
1,461858,Trevor Plouffe,51,2,1,3,null,4,2.031,1.482,0.753,1,1,101.7,28,2320,84.3,84,0,1,0,-0.3,6.4,111,142,113,144,267,313,279
1,519333,Matt Szczur,314,0.3,1,3,null,4,2.031,1.275,0.7,1,1,101.4,26,2397,88.7,87.9,0,1,0,-0.8,5.6,101,152,93,146,297,307,287
1,605474,Matt Skole,52,1.9,1,3,null,4,2.031,1.988,0.987,1,1,110.1,27,2098,89.9,89,0,1,0,-0.9,5.7,119,187,152,159,284,318,307
1,608475,Dawel Lugo,361,0.3,1,3,null,4,2.031,1.111,0.703,1,1,102.1,23,2138,95.6,96.5,0,1,0,0.9,6.9,86,143,111,142,300,295,283
1,553988,Dixon Machado,924,0.1,1,3,null,4,2.031,0.952,0.692,1,1,104.2,20,2420,93.1,92.7,0,1,0,-0.4,6.4,112,153,101,150,291,317,300
1,445988,Martin Prado,819,0.1,1,3,null,4,2.031,1.076,0.65,1,1,101.4,24,2173,89.7,88.4,0,1,0,-1.3,5.7,88,147,119,147,300,304,291
1,622226,Dylan Cozens,197,0.5,1,3,null,4,2.031,1.927,0.984,1,1,111.3,23,2422,97.8,97.1,0,1,0,-0.7,6.1,88,144,113,147,297,317,304
1,623993,Anthony Santander,432,0.2,1,3,null,4,2.031,1.411,0.687,1,1,105.2,35,2369,93.6,92.3,0,1,0,-1.3,5.9,null,null,null,null,null,null,null
1,458913,Eric Young Jr.,437,0.2,1,3,null,4,2.031,1.27,0.695,1,1,101.5,27,2180,88.3,87.6,0,1,0,-0.7,5.8,109,147,110,144,302,310,274
1,642180,Tyler Wade,273,0.4,1,3,null,4,2.031,1.286,0.71,1,1,101.1,28,2202,89.6,89.2,0,1,0,-0.4,6,120,150,116,153,278,311,298
1,543101,Anthony DeSclafani,153,0.7,1,3,null,4,2.031,1.342,0.81,1,1,102.7,23,2057,92.3,92.3,0,1,0,0,6,123,152,117,146,287,300,270
1,475115,Tyson Ross,193,0.5,1,3,null,4,2.031,1.482,0.753,1,1,101.5,28,2416,88.7,88.9,0,1,0,0.2,6.3,120,151,113,150,302,328,297
1,624407,Tzu-Wei Lin,297,0.3,1,3,null,4,2.031,1.105,0.737,1,1,103.5,21,1303,81.8,82.5,0,1,0,0.7,6.6,115,150,93,146,275,317,277
1,425772,Jeff Mathis,876,0.1,1,3,null,4,2.031,0.914,0.637,1,1,103,20,2288,96.4,96.6,0,1,0,0.2,6.2,106,152,119,148,302,328,307
1,664057,Andrew Stevenson,344,0.3,1,3,null,4,2.031,1.14,0.666,1,1,101.3,25,2630,86,85.7,0,1,0,-0.3,5.8,88,135,84,133,293,321,316
1,622682,Victor Reyes,817,0.1,1,3,null,4,2.031,1.472,0.742,1,1,101.7,27,2532,94.4,95.2,0,1,0,0.8,6.6,120,154,104,150,287,315,279
1,570481,Erik Gonzalez,510,0.2,1,3,null,4,2.031,1.856,0.953,1,1,106.1,25,2013,83.4,83.1,0,1,0,-0.3,5.9,116,150,118,146,293,327,279
1,596143,Luis Sardinas,76,1.3,1,3,null,4,2.031,0.137,0.1,1,1,92.3,33,2738,87.5,85.7,0,1,0,-1.8,5.4,119,146,117,149,279,310,300
1,502082,Lonnie Chisenhall,362,0.3,1,3,null,4,2.031,0.259,0.147,1,1,92.8,31,2156,93.6,95,0,1,0,1.4,6.8,125,147,111,148,307,326,303
1,602115,Gabriel Guerrero,72,1.4,1,3,null,4,2.031,1.898,0.94,1,1,106.4,28,2253,86.2,85.7,0,1,0,-0.5,5.9,112,154,115,150,299,317,297
1,621044,Jesmuel Valentin,376,0.3,1,3,null,4,2.031,0.341,0.216,1,1,93.8,28,2466,81.6,80.6,0,1,0,-1,5.6,118,154,121,145,284,315,282
1,657077,Alex Verdugo,347,0.3,1,3,null,4,2.031,1.055,0.526,1,1,100.6,33,2374,95.7,95.3,0,1,0,-0.4,6,124,151,109,156,284,320,308
1,607468,Alex Blandino,594,0.2,1,3,null,4,2.031,0.424,0.213,1,1,100.3,38,2454,94.4,94.8,0,1,0,0.4,6.5,118,151,115,148,303,315,276
1,608566,German Marquez,185,0.5,1,3,null,4,2.031,1.844,0.926,1,1,104.6,27,1835,71.7,71,0,1,0,-0.7,5.4,112,155,117,147,303,337,316
1,502117,Kristopher Negron,142,0.7,1,3,null,4,2.031,1.342,0.81,1,1,103.4,23,2226,76.8,75.2,0,1,0,-1.6,5,114,151,114,146,301,314,297
1,570482,Gio Urshela,175,0.6,1,3,null,4,2.031,1.141,0.61,1,1,100.2,30,1280,81.1,80.5,0,1,0,-0.6,5.8,85,143,110,139,303,326,305
1,592230,Kaleb Cowart,478,0.2,1,3,null,4,2.031,1.437,0.742,1,1,102.7,32,2059,95.9,95.6,0,1,0,-0.3,6.1,109,140,111,149,296,304,293
1,454560,A.J. Ellis,793,0.1,1,3,null,4,2.031,1.552,0.847,1,1,102.9,25,1656,83.8,84.3,0,1,0,0.5,6.3,117,158,109,152,306,324,287
1,595956,Cam Gallagher,264,0.4,1,3,null,4,2.031,0.987,0.524,1,1,100.5,31,2123,83.8,82.4,0,1,0,-1.4,5.1,113,155,120,147,310,324,292
1,620446,Richard Urena,405,0.2,1,3,null,4,2.031,1.422,0.834,1,1,104.6,22,2468,84.1,84,0,1,0,-0.1,6.2,116,151,120,149,290,298,279
1,434658,Rajai Davis,792,0.1,1,3,null,4,2.031,0.648,0.51,1,1,102.2,19,2303,89.7,89.4,0,1,0,-0.3,6.6,92,140,89,145,297,307,274
1,592680,Yadiel Rivera,642,0.2,1,3,null,4,2.031,1.424,0.784,1,1,102.2,26,1375,82.1,81.8,0,1,0,-0.3,6.1,115,152,122,148,307,305,282
1,606132,Raimel Tapia,104,1,1,3,null,4,2.031,0.959,0.592,1,1,100.4,25,2300,96.2,96.6,0,1,0,0.4,6.6,126,149,118,155,283,307,291
1,594838,Phil Gosselin,112,0.9,1,3,null,4,2.031,1.023,0.653,1,1,101.5,23,2315,95.9,95.1,0,1,0,-0.8,6.1,113,148,118,146,294,296,276
1,595918,A.J. Cole,12,8.3,1,3,null,4,2.031,0.919,0.679,1,1,105.2,19,2224,88.9,89.5,0,1,0,0.6,6.5,113,155,108,150,311,310,274
1,621107,Zach Eflin,172,0.6,1,3,null,4,2.031,1.731,0.94,1,1,106.1,23,2034,87.4,89,0,1,0,1.6,7.1,117,150,112,151,301,317,284
1,592407,Bryan Holaday,624,0.2,1,3,null,4,2.031,0.493,0.258,1,1,96.3,32,2002,93.5,93.1,0,1,0,-0.4,6.2,112,154,118,151,301,327,305
1,622194,Bruce Maxwell,217,0.5,1,3,null,4,2.031,1.97,0.982,1,1,108.4,25,2001,90.2,91.3,0,1,0,1.1,6.7,131,151,127,150,290,333,311
1,488721,Peter Bourjos,172,0.6,1,3,null,4,2.031,0.605,0.413,1,1,97.9,23,2281,91.6,91.4,0,1,0,-0.2,6,110,155,110,146,301,323,271
1,594011,Rosell Herrera,1126,0.1,1,3,null,4,2.031,0.994,0.708,1,1,102.8,21,2570,90.9,91.7,0,1,0,0.8,6.8,127,156,88,153,286,330,301
1,518902,Pete Kozma,276,0.4,1,3,null,4,2.031,0.968,0.513,1,1,98.6,27,2099,87.4,84.5,0,1,0,-2.9,5.1,108,155,118,149,300,312,270
1,593372,Carlos Martinez,128,0.8,1,3,null,4,2.031,1.776,0.905,1,1,103.6,26,2071,91.6,91,0,1,0,-0.6,6,114,155,88,148,282,295,258
1,542208,Carlos Perez,288,0.3,1,3,null,4,2.031,0.242,0.195,1,1,94,23,2284,88.3,88.1,0,1,0,-0.2,6,109,163,128,156,292,309,261
